mes referencia,ano referencia,id_funcionario,nome,tipo_desligamento,data_demissao,cargo
junho,2024,870-26-5986,Gerard Durran,Dispensa sem Justa Causa,2024-10-20,diretor de criacao
abril,2024,866-26-3608,Jard Dugget,Dispensa sem Justa Causa,2024-02-29,executivo de contas
junho,2024,260-49-9909,Maure Ferguson,Pedido de Demissão,2024-07-21,diretor de criacao
julho,2024,330-13-2767,Marguerite Jupe,Dispensa sem Justa Causa,2024-09-21,coordenador de midia
junho,2024,190-45-1192,Olivier Hurche,Pedido de Demissão,2024-04-04,supervisor de planejamento
março,2024,536-90-6083,Kora Weatherill,Dispensa sem Justa Causa,2024-08-13,gerente de negocios
julho,2024,192-27-5047,Shirley Rubinsaft,Dispensa sem Justa Causa,2024-06-30,supervisor de planejamento
janeiro,2024,257-65-2559,Gabriela Union,Dispensa sem Justa Causa,2024-09-27,diretor de criacao
abril,2024,410-48-7264,Winthrop Ascough,Dispensa sem Justa Causa,2024-03-04,coordenador de midia
outubro,2024,382-91-8104,Jeno Cursey,Dispensa sem Justa Causa,2024-11-19,supervisor de planejamento
agosto,2024,492-65-2709,Elmore Phifer,Dispensa sem Justa Causa,2024-06-29,diretor de criacao
agosto,2024,778-98-8378,Burnard Inchan,Pedido de Demissão,2024-09-01,executivo de contas
novembro,2024,480-79-9045,Obed Posselt,Dispensa sem Justa Causa,2024-11-02,coordenador de midia
maio,2024,266-92-3042,Gretel Kliemke,Dispensa sem Justa Causa,2024-03-14,coordenador de midia
novembro,2024,125-79-1804,Lynea Spurett,Dispensa sem Justa Causa,2024-07-27,diretor de criacao
janeiro,2024,495-41-1322,Rustin Cokayne,Pedido de Demissão,2024-11-07,coordenador de midia
maio,2024,464-47-5333,Merl Monini,Dispensa sem Justa Causa,2024-11-10,executivo de contas
setembro,2024,451-26-8503,Lillian Gorbell,Pedido de Demissão,2024-10-14,diretor de criacao
janeiro,2024,491-69-4849,Hakim Musla,Pedido de Demissão,2024-08-08,gerente de negocios
julho,2024,952-31-9364,Tyne Shillitoe,Dispensa sem Justa Causa,2024-08-16,gerente de planejamento
outubro,2024,948-25-6458,Minni Hounsome,Pedido de Demissão,2024-06-15,coordenador de midia
abril,2024,993-99-6511,Geoffrey Ibeson,Dispensa sem Justa Causa,2024-05-01,supervisor de planejamento
maio,2024,609-20-7105,Alden Symers,Dispensa sem Justa Causa,2024-12-05,gerente de negocios
junho,2024,644-57-4489,Galven Krauss,Dispensa sem Justa Causa,2024-10-06,gerente de negocios
agosto,2024,356-35-4528,Ruth Fursey,Dispensa sem Justa Causa,2024-05-13,coordenador de midia
janeiro,2024,940-13-7776,Yulma Gidney,Dispensa sem Justa Causa,2024-01-06,gerente de negocios
maio,2024,603-65-1861,Gilles Risborough,Pedido de Demissão,2024-02-04,coordenador de midia
junho,2024,185-49-5837,La verne Licas,Dispensa sem Justa Causa,2024-11-07,gerente de planejamento
agosto,2024,277-75-5468,Tanya Michelin,Dispensa sem Justa Causa,2024-11-10,gerente de planejamento
dezembro,2024,202-93-4352,Briny Shaves,Pedido de Demissão,2024-12-03,gerente de planejamento
janeiro,2024,131-99-7440,Tamma Munroe,Pedido de Demissão,2024-01-26,gerente de negocios
maio,2024,198-74-2328,Norrie Jehaes,Pedido de Demissão,2024-07-20,diretor de criacao
agosto,2024,730-82-6512,Leicester Jeandot,Pedido de Demissão,2024-08-27,gerente de planejamento
dezembro,2024,539-23-5362,Rikki Tullot,Pedido de Demissão,2024-08-01,diretor de criacao
março,2024,626-56-9487,Arda Shuter,Dispensa sem Justa Causa,2024-07-18,supervisor de planejamento
junho,2024,241-29-6469,Rozanne Tibbs,Dispensa sem Justa Causa,2024-11-18,coordenador de midia
setembro,2024,344-63-2640,D'arcy Tott,Pedido de Demissão,2024-04-22,coordenador de midia
abril,2024,205-54-2413,Vernor Cinderey,Dispensa sem Justa Causa,2024-06-11,gerente de negocios
julho,2024,785-28-8342,Cort Vasnetsov,Pedido de Demissão,2024-05-25,gerente de negocios
março,2024,605-86-3439,Alix Challiss,Dispensa sem Justa Causa,2024-07-31,gerente de negocios
outubro,2024,237-62-4891,Rhea Renowden,Pedido de Demissão,2024-06-30,executivo de contas
março,2024,552-15-9325,Zebedee Makey,Pedido de Demissão,2024-01-13,coordenador de midia
janeiro,2024,168-49-2959,Adriano Alvarado,Pedido de Demissão,2024-05-05,gerente de planejamento
janeiro,2024,172-45-1347,Frederick Hynde,Dispensa sem Justa Causa,2024-01-31,gerente de negocios
julho,2024,244-79-9352,Gabrielle Whyatt,Pedido de Demissão,2024-10-14,gerente de negocios
dezembro,2024,882-76-4103,Tiler Groves,Dispensa sem Justa Causa,2024-08-22,coordenador de midia
março,2024,330-27-2148,Becki Chill,Pedido de Demissão,2024-02-05,gerente de negocios
setembro,2024,494-32-7653,Barton Bourgour,Dispensa sem Justa Causa,2024-10-10,diretor de criacao
outubro,2024,702-31-5901,Alyosha Biddwell,Dispensa sem Justa Causa,2024-07-02,executivo de contas
novembro,2024,316-13-5758,Hart Briance,Dispensa sem Justa Causa,2024-05-28,diretor de criacao
março,2024,729-23-7084,Stanly Antoniewski,Dispensa sem Justa Causa,2024-12-24,gerente de negocios
outubro,2024,487-58-4769,Avery Hayton,Pedido de Demissão,2024-01-21,diretor de criacao
agosto,2024,181-72-3155,Yance Dockrell,Pedido de Demissão,2024-01-02,executivo de contas
julho,2024,558-52-1357,Sheila MacDonagh,Pedido de Demissão,2024-06-13,supervisor de planejamento
janeiro,2024,287-48-2827,Garey Alwood,Dispensa sem Justa Causa,2024-02-14,diretor de criacao
julho,2024,913-18-3329,Isadore Larive,Pedido de Demissão,2024-10-10,supervisor de planejamento
outubro,2024,730-97-8235,Garry Anwell,Dispensa sem Justa Causa,2024-04-19,gerente de planejamento
abril,2024,848-15-8634,Teirtza Smalls,Pedido de Demissão,2024-02-04,gerente de negocios
maio,2024,809-69-4984,Desiree Walklett,Dispensa sem Justa Causa,2024-05-10,gerente de negocios
janeiro,2024,360-81-1028,Lydie Lowell,Dispensa sem Justa Causa,2024-06-09,executivo de contas
abril,2024,977-31-6711,Archibaldo Gobeau,Pedido de Demissão,2024-01-31,supervisor de planejamento
dezembro,2024,765-72-9776,Adeline Byrkmyr,Dispensa sem Justa Causa,2024-10-26,gerente de negocios
maio,2024,682-21-7980,Kinny Burroughes,Dispensa sem Justa Causa,2024-04-12,gerente de negocios
julho,2024,872-84-2060,Zebedee O'Dowgaine,Dispensa sem Justa Causa,2024-12-21,coordenador de midia
fevereiro,2024,616-11-6227,Malvina Fierman,Dispensa sem Justa Causa,2024-10-30,executivo de contas
dezembro,2024,901-11-4384,Wallas Rowatt,Dispensa sem Justa Causa,2024-01-20,gerente de planejamento
abril,2024,768-38-1755,Jody Turfus,Pedido de Demissão,2024-04-19,supervisor de planejamento
junho,2024,718-74-9444,Gail De Metz,Pedido de Demissão,2024-11-26,supervisor de planejamento
setembro,2024,538-55-8543,Burt Simcox,Dispensa sem Justa Causa,2024-12-21,coordenador de midia
abril,2024,937-74-2144,Abagael Hinemoor,Pedido de Demissão,2024-10-12,supervisor de planejamento
outubro,2024,235-34-4862,Abraham Dregan,Pedido de Demissão,2024-07-12,diretor de criacao
abril,2024,101-87-3906,Ddene Carlson,Dispensa sem Justa Causa,2024-09-12,diretor de criacao
setembro,2024,949-74-6594,Dosi Pressey,Pedido de Demissão,2024-01-14,supervisor de planejamento
abril,2024,647-93-3912,Vonnie Kiehl,Pedido de Demissão,2024-05-07,diretor de criacao
junho,2024,674-94-2528,Dov Bortolussi,Dispensa sem Justa Causa,2024-04-10,gerente de planejamento
novembro,2024,278-12-8110,Jens Ponde,Pedido de Demissão,2024-03-22,supervisor de planejamento
dezembro,2024,422-85-2358,Bryon Hucks,Dispensa sem Justa Causa,2024-06-30,diretor de criacao
fevereiro,2024,959-58-9376,Magdaia Jenteau,Pedido de Demissão,2024-04-06,supervisor de planejamento
dezembro,2024,153-34-6690,Ralph Skirrow,Pedido de Demissão,2024-08-19,coordenador de midia
maio,2024,506-81-3581,Lauren Denisovo,Pedido de Demissão,2024-02-23,executivo de contas
janeiro,2024,167-90-4679,Michal Nowland,Dispensa sem Justa Causa,2024-05-07,coordenador de midia
dezembro,2024,968-62-3274,Fraze Spurdon,Pedido de Demissão,2024-03-28,coordenador de midia
janeiro,2024,900-62-2074,Harmonia Michal,Pedido de Demissão,2024-12-25,executivo de contas
junho,2024,963-16-7495,Lindsy Brusby,Pedido de Demissão,2024-07-25,executivo de contas
novembro,2024,489-91-6195,Goldia Daens,Pedido de Demissão,2024-02-15,gerente de planejamento
agosto,2024,493-42-8734,Debi Huckerby,Pedido de Demissão,2024-06-25,diretor de criacao
março,2024,275-95-8850,Geoffrey Uphill,Pedido de Demissão,2024-08-15,coordenador de midia
julho,2024,409-50-1201,Valentia Simonetti,Dispensa sem Justa Causa,2024-07-14,diretor de criacao
setembro,2024,934-22-2546,Johnathan Hallett,Dispensa sem Justa Causa,2024-04-04,supervisor de planejamento
novembro,2024,682-96-8890,Cory O'Lennachain,Pedido de Demissão,2024-09-13,coordenador de midia
abril,2024,995-79-4168,Pegeen Clever,Dispensa sem Justa Causa,2024-04-03,coordenador de midia
setembro,2024,947-36-8347,Filippa Lapthorn,Pedido de Demissão,2024-06-17,diretor de criacao
julho,2024,630-27-9808,Jeddy Gosnoll,Dispensa sem Justa Causa,2024-03-18,executivo de contas
junho,2024,558-82-3007,Amandy McMurdo,Pedido de Demissão,2024-08-24,executivo de contas
março,2024,285-56-8321,Baxy Strass,Pedido de Demissão,2024-09-26,gerente de negocios
março,2024,295-88-2155,Ariana Ranshaw,Pedido de Demissão,2024-12-20,coordenador de midia
dezembro,2024,569-84-6896,Jaynell Noads,Dispensa sem Justa Causa,2024-03-17,gerente de negocios
julho,2024,306-29-9871,Brana Pinock,Dispensa sem Justa Causa,2024-03-18,coordenador de midia
abril,2024,959-56-6109,Karoline Stopper,Dispensa sem Justa Causa,2024-06-27,diretor de criacao
fevereiro,2024,829-56-8296,Avrom Newart,Dispensa sem Justa Causa,2024-11-07,supervisor de planejamento
fevereiro,2024,526-82-9957,Arron Bruun,Dispensa sem Justa Causa,2024-04-30,executivo de contas
abril,2024,232-27-5464,Thelma Mayte,Pedido de Demissão,2024-08-20,diretor de criacao
agosto,2024,488-91-2046,Rubetta Illem,Pedido de Demissão,2024-03-28,diretor de criacao
julho,2024,849-96-8707,Carleton Dummigan,Dispensa sem Justa Causa,2024-08-16,executivo de contas
novembro,2024,498-61-3093,Zelda Camlin,Dispensa sem Justa Causa,2024-01-09,coordenador de midia
setembro,2024,471-32-8265,Birch Lowsely,Dispensa sem Justa Causa,2024-07-24,executivo de contas
novembro,2024,642-77-8051,My Sorey,Dispensa sem Justa Causa,2024-01-07,gerente de planejamento
julho,2024,386-18-6945,Malory Rushbrooke,Pedido de Demissão,2024-06-17,executivo de contas
setembro,2024,466-97-1925,Wilton Nield,Pedido de Demissão,2024-11-11,diretor de criacao
dezembro,2024,423-15-9329,Edith Cowpland,Pedido de Demissão,2024-10-14,coordenador de midia
dezembro,2024,181-97-4822,Mufinella Bodycote,Pedido de Demissão,2024-05-29,executivo de contas
abril,2024,469-42-1356,Noach Chumley,Pedido de Demissão,2024-08-30,diretor de criacao
janeiro,2024,707-76-8293,Crystie Falvey,Dispensa sem Justa Causa,2024-07-10,gerente de negocios
janeiro,2024,185-14-1111,Brooks Hawkeswood,Pedido de Demissão,2024-08-04,executivo de contas
julho,2024,830-48-8904,Kamilah Baumadier,Dispensa sem Justa Causa,2024-03-19,executivo de contas
janeiro,2024,338-91-1212,Tony Karleman,Pedido de Demissão,2024-12-11,supervisor de planejamento
julho,2024,798-74-2233,Xena Sidary,Dispensa sem Justa Causa,2024-07-12,diretor de criacao
setembro,2024,103-79-2729,Myrtle Geerling,Dispensa sem Justa Causa,2024-02-22,coordenador de midia
março,2024,725-76-5687,Elfreda Doumerc,Pedido de Demissão,2024-05-01,executivo de contas
novembro,2024,802-64-9727,Kassi Zanotti,Dispensa sem Justa Causa,2024-10-28,gerente de planejamento
dezembro,2024,183-73-7013,Kermy Christian,Dispensa sem Justa Causa,2024-06-05,diretor de criacao
agosto,2024,878-62-4532,Shell Bubbins,Dispensa sem Justa Causa,2024-01-12,diretor de criacao
setembro,2024,116-22-4547,Ransell Fawlo,Dispensa sem Justa Causa,2024-04-10,diretor de criacao
outubro,2024,125-99-8816,Olimpia Clunie,Dispensa sem Justa Causa,2024-04-03,diretor de criacao
junho,2024,644-48-4857,Royal Raxworthy,Pedido de Demissão,2024-04-14,executivo de contas
junho,2024,481-89-1257,Sari Cooling,Dispensa sem Justa Causa,2024-10-07,supervisor de planejamento
novembro,2024,763-76-7465,Ira Maty,Dispensa sem Justa Causa,2024-10-28,gerente de negocios
agosto,2024,401-42-2973,Lanae Hockell,Pedido de Demissão,2024-05-01,gerente de planejamento
junho,2024,313-11-8984,Anica Sarre,Pedido de Demissão,2024-09-05,coordenador de midia
maio,2024,648-15-6442,Pearl Breache,Dispensa sem Justa Causa,2024-04-14,diretor de criacao
novembro,2024,962-72-9134,Aurore Gemnett,Dispensa sem Justa Causa,2024-05-12,executivo de contas
março,2024,750-91-2176,Alexi Proback,Pedido de Demissão,2024-04-20,executivo de contas
setembro,2024,752-76-1564,Billy Wickins,Dispensa sem Justa Causa,2024-09-05,coordenador de midia
abril,2024,865-36-5074,Alex Matzke,Pedido de Demissão,2024-01-23,diretor de criacao
junho,2024,409-31-3623,Chlo Crozier,Dispensa sem Justa Causa,2024-05-09,supervisor de planejamento
novembro,2024,249-95-3399,Ferrell Noden,Dispensa sem Justa Causa,2024-09-17,gerente de planejamento
setembro,2024,276-23-3875,Willie Weiss,Pedido de Demissão,2024-08-02,diretor de criacao
agosto,2024,502-15-5707,Aldon Benedicto,Dispensa sem Justa Causa,2024-05-16,gerente de planejamento
maio,2024,255-47-5109,Daphna Petts,Pedido de Demissão,2024-03-09,supervisor de planejamento
abril,2024,811-39-8497,Yule Moulsdall,Dispensa sem Justa Causa,2024-10-14,coordenador de midia
dezembro,2024,750-10-6266,Robbi Dungate,Pedido de Demissão,2024-04-26,gerente de planejamento
agosto,2024,703-86-7682,Gar Bearward,Dispensa sem Justa Causa,2024-07-23,gerente de negocios
novembro,2024,415-63-6927,Langston Safell,Dispensa sem Justa Causa,2024-11-18,supervisor de planejamento
maio,2024,505-70-1378,Kristofer Hallmark,Pedido de Demissão,2024-06-06,coordenador de midia
setembro,2024,810-87-1336,Dyane Toothill,Pedido de Demissão,2024-06-21,executivo de contas
dezembro,2024,129-30-3192,Jo ann Brotherick,Pedido de Demissão,2024-11-29,coordenador de midia
setembro,2024,755-51-1131,Gwenni Tague,Dispensa sem Justa Causa,2024-05-02,diretor de criacao
outubro,2024,677-56-4363,Myrle Hurrion,Dispensa sem Justa Causa,2024-09-06,executivo de contas
novembro,2024,816-69-5591,Elissa Belham,Dispensa sem Justa Causa,2024-04-17,diretor de criacao
agosto,2024,476-45-5583,Heidie Gherardesci,Pedido de Demissão,2024-09-11,gerente de planejamento
maio,2024,900-26-2562,Morgen Agates,Pedido de Demissão,2024-07-23,supervisor de planejamento
setembro,2024,690-40-1269,Trula Lay,Dispensa sem Justa Causa,2024-05-23,gerente de negocios
setembro,2024,471-98-2475,Zelig Kingsman,Dispensa sem Justa Causa,2024-12-01,coordenador de midia
dezembro,2024,111-63-8948,Dennison Burling,Dispensa sem Justa Causa,2024-01-26,coordenador de midia
fevereiro,2024,125-41-2898,Freda Gange,Pedido de Demissão,2024-04-23,gerente de planejamento
dezembro,2024,220-77-5667,Stormy Ehrat,Dispensa sem Justa Causa,2024-05-03,gerente de negocios
julho,2024,492-45-2009,Gayler Embra,Pedido de Demissão,2024-02-17,executivo de contas
novembro,2024,975-29-1025,Cynthy Stirtle,Pedido de Demissão,2024-11-18,coordenador de midia
setembro,2024,417-90-7721,Rasla Birchill,Dispensa sem Justa Causa,2024-02-26,coordenador de midia
outubro,2024,612-71-4441,Laureen Latty,Pedido de Demissão,2024-11-26,supervisor de planejamento
janeiro,2024,709-62-7312,Susan Rowdell,Pedido de Demissão,2024-07-24,diretor de criacao
dezembro,2024,437-51-5626,Gabriel de Vaen,Dispensa sem Justa Causa,2024-02-18,executivo de contas
novembro,2024,276-71-5831,Lorelle Meale,Pedido de Demissão,2024-08-15,gerente de planejamento
novembro,2024,262-16-7610,Marguerite Stonebridge,Pedido de Demissão,2024-09-12,gerente de negocios
abril,2024,266-53-8402,Gill Leve,Dispensa sem Justa Causa,2024-03-28,coordenador de midia
janeiro,2024,539-98-4853,Amie Reame,Pedido de Demissão,2024-09-22,coordenador de midia
novembro,2024,270-34-3226,Zedekiah Redmell,Dispensa sem Justa Causa,2024-02-26,gerente de planejamento
junho,2024,817-65-6396,Paxon Bruckner,Pedido de Demissão,2024-01-14,supervisor de planejamento
maio,2024,631-77-9064,Rory Gilsthorpe,Dispensa sem Justa Causa,2024-01-25,gerente de planejamento
agosto,2024,689-43-7096,Calv Hazleton,Dispensa sem Justa Causa,2024-03-24,supervisor de planejamento
abril,2024,113-65-5575,Torrance Hek,Pedido de Demissão,2024-07-18,diretor de criacao
outubro,2024,314-30-7935,Trix Cumesky,Dispensa sem Justa Causa,2024-09-26,executivo de contas
novembro,2024,564-32-3569,Nata Fidler,Pedido de Demissão,2024-11-21,supervisor de planejamento
julho,2024,650-95-4167,Brennen Lammiman,Pedido de Demissão,2024-02-11,gerente de planejamento
julho,2024,909-46-3646,Emerson Abry,Dispensa sem Justa Causa,2024-04-23,supervisor de planejamento
outubro,2024,685-59-4896,Therese Bengal,Dispensa sem Justa Causa,2024-06-30,gerente de planejamento
setembro,2024,108-82-5906,Burnaby Bearsmore,Dispensa sem Justa Causa,2024-08-19,executivo de contas
dezembro,2024,253-72-7326,Wendi Lauga,Pedido de Demissão,2024-03-02,gerente de planejamento
novembro,2024,923-46-2820,Cammy De Laspee,Pedido de Demissão,2024-10-03,diretor de criacao
fevereiro,2024,261-41-9637,Karna McGuff,Dispensa sem Justa Causa,2024-12-30,supervisor de planejamento
outubro,2024,793-87-4395,Leo Desantis,Dispensa sem Justa Causa,2024-10-16,gerente de negocios
julho,2024,156-31-9303,Brendis Castagnet,Pedido de Demissão,2024-08-09,gerente de negocios
dezembro,2024,246-57-3509,Pembroke Wrettum,Pedido de Demissão,2024-04-14,gerente de planejamento
julho,2024,101-13-2169,Marjy Deviney,Dispensa sem Justa Causa,2024-02-17,supervisor de planejamento
julho,2024,482-81-1533,Ansley Feuell,Dispensa sem Justa Causa,2024-12-18,gerente de negocios
junho,2024,826-91-5462,Luciana Duddridge,Dispensa sem Justa Causa,2024-08-03,gerente de planejamento
fevereiro,2024,227-94-1101,Ginnie Croizier,Pedido de Demissão,2024-06-24,gerente de negocios
julho,2024,539-68-4999,Florence Raraty,Dispensa sem Justa Causa,2024-09-25,supervisor de planejamento
fevereiro,2024,630-47-3838,Kipp Biaggiotti,Dispensa sem Justa Causa,2024-05-24,supervisor de planejamento
dezembro,2024,138-95-1391,Noe MacCleay,Dispensa sem Justa Causa,2024-11-23,diretor de criacao
novembro,2024,251-54-3345,Flore Siward,Pedido de Demissão,2024-04-20,gerente de planejamento
setembro,2024,575-22-9254,Torin Polding,Pedido de Demissão,2024-11-23,diretor de criacao
junho,2024,458-71-1561,Andra Malden,Dispensa sem Justa Causa,2024-08-12,diretor de criacao
abril,2024,767-55-1305,Nydia Imbrey,Dispensa sem Justa Causa,2024-09-11,gerente de negocios
janeiro,2024,777-45-7189,Ianthe Rohlfs,Dispensa sem Justa Causa,2024-09-09,supervisor de planejamento
junho,2024,753-97-9303,Howey Sadry,Pedido de Demissão,2024-06-09,executivo de contas
julho,2024,803-32-3955,Huntington Aysik,Dispensa sem Justa Causa,2024-02-17,executivo de contas
julho,2024,241-67-4483,Winny Fidelli,Pedido de Demissão,2024-11-26,executivo de contas
janeiro,2024,661-31-3876,Damiano Cosgrove,Dispensa sem Justa Causa,2024-06-28,gerente de negocios
junho,2024,557-60-8895,Claire Duggan,Pedido de Demissão,2024-05-08,supervisor de planejamento
junho,2024,279-60-1337,Wilmar Nicholson,Dispensa sem Justa Causa,2024-04-13,gerente de planejamento
fevereiro,2024,179-61-8201,Eddy Donizeau,Dispensa sem Justa Causa,2024-02-26,gerente de negocios
março,2024,752-68-4081,Vivian Claworth,Pedido de Demissão,2024-07-09,coordenador de midia
outubro,2024,259-89-5262,Alejandrina Von Oertzen,Pedido de Demissão,2024-12-20,gerente de negocios
julho,2024,508-99-6307,Keriann Westrope,Pedido de Demissão,2024-11-15,gerente de negocios
setembro,2024,740-57-4783,Thomasina Leask,Dispensa sem Justa Causa,2024-07-01,diretor de criacao
fevereiro,2024,732-74-1633,Weider Huitson,Dispensa sem Justa Causa,2024-02-20,diretor de criacao
novembro,2024,874-10-1716,Maje De Ruel,Dispensa sem Justa Causa,2024-08-30,executivo de contas
agosto,2024,392-78-6378,Ines Kenward,Pedido de Demissão,2024-01-15,supervisor de planejamento
agosto,2024,119-83-2000,Averil Elsmore,Dispensa sem Justa Causa,2024-07-30,gerente de negocios
maio,2024,423-60-3274,Addison Kielty,Dispensa sem Justa Causa,2024-04-21,executivo de contas
novembro,2024,555-12-5899,Ag Penwright,Dispensa sem Justa Causa,2024-03-07,supervisor de planejamento
janeiro,2024,481-86-9548,Deane LAbbet,Dispensa sem Justa Causa,2024-02-16,gerente de planejamento
fevereiro,2024,852-84-9779,Ayn Bartul,Dispensa sem Justa Causa,2024-10-27,gerente de planejamento
dezembro,2024,294-35-1474,Andriette Youngman,Dispensa sem Justa Causa,2024-11-02,supervisor de planejamento
dezembro,2024,254-33-1788,Yardley Diplock,Pedido de Demissão,2024-01-09,coordenador de midia
setembro,2024,678-82-3004,Gaylord Sexstone,Dispensa sem Justa Causa,2024-07-24,coordenador de midia
julho,2024,610-77-3843,Niven Birrane,Dispensa sem Justa Causa,2024-11-01,gerente de planejamento
novembro,2024,274-17-8232,Debbi Antonescu,Pedido de Demissão,2024-02-06,executivo de contas
março,2024,903-91-8468,Ilario Malacrida,Pedido de Demissão,2024-06-28,gerente de negocios
outubro,2024,896-93-5181,Philippa Kinzel,Pedido de Demissão,2024-01-10,gerente de planejamento
junho,2024,458-67-2459,Andeee Lockney,Dispensa sem Justa Causa,2024-10-23,supervisor de planejamento
janeiro,2024,126-68-6533,Belvia Jenkinson,Dispensa sem Justa Causa,2024-08-12,gerente de planejamento
março,2024,275-48-2161,Thom Lundie,Pedido de Demissão,2024-01-21,supervisor de planejamento
março,2024,640-31-9710,Jodi Tumulty,Pedido de Demissão,2024-01-03,diretor de criacao
fevereiro,2024,863-61-5353,Averil Goseling,Dispensa sem Justa Causa,2024-04-08,supervisor de planejamento
dezembro,2024,719-48-3309,Felice Perrigo,Dispensa sem Justa Causa,2024-08-29,executivo de contas
novembro,2024,637-42-6493,Pacorro Breed,Pedido de Demissão,2024-11-17,gerente de negocios
novembro,2024,829-33-8318,Rowland Yurikov,Pedido de Demissão,2024-12-25,coordenador de midia
outubro,2024,365-63-7443,Eben Farish,Pedido de Demissão,2024-06-13,diretor de criacao
fevereiro,2024,389-44-4979,Chanda Sworne,Pedido de Demissão,2024-02-20,diretor de criacao
fevereiro,2024,842-28-2496,Evita Mcettrick,Pedido de Demissão,2024-02-23,supervisor de planejamento
maio,2024,593-88-1319,Chrystal Oldmeadow,Pedido de Demissão,2024-06-09,coordenador de midia
dezembro,2024,883-74-2726,Victor Mustchin,Dispensa sem Justa Causa,2024-01-10,diretor de criacao
maio,2024,578-19-9206,Crawford Sheen,Pedido de Demissão,2024-08-27,executivo de contas
fevereiro,2024,457-98-2059,Lyell Harvison,Pedido de Demissão,2024-01-10,gerente de planejamento
outubro,2024,602-81-7338,Luci MacDonell,Dispensa sem Justa Causa,2024-03-08,diretor de criacao
junho,2024,449-73-5942,Nero Gaskall,Dispensa sem Justa Causa,2024-11-25,gerente de planejamento
dezembro,2024,371-43-1940,Andriana Curnucke,Dispensa sem Justa Causa,2024-03-29,coordenador de midia
outubro,2024,101-97-3787,Augie Hague,Pedido de Demissão,2024-11-27,gerente de negocios
setembro,2024,849-29-3593,Ange Ambrozewicz,Pedido de Demissão,2024-09-03,supervisor de planejamento
março,2024,700-53-1968,Quintana Hunnicot,Dispensa sem Justa Causa,2024-08-20,gerente de planejamento
junho,2024,317-12-2418,Zilvia Daleman,Dispensa sem Justa Causa,2024-07-30,diretor de criacao
dezembro,2024,320-69-8182,Cherey Assaf,Pedido de Demissão,2024-11-14,executivo de contas
julho,2024,566-42-1256,Kinna Vicker,Pedido de Demissão,2024-05-03,coordenador de midia
junho,2024,410-43-3265,Tera Grolmann,Pedido de Demissão,2024-02-07,gerente de planejamento
julho,2024,328-13-8071,Christiana Bernli,Pedido de Demissão,2024-03-06,executivo de contas
novembro,2024,724-92-3989,Sterling Attenbrow,Dispensa sem Justa Causa,2024-09-29,supervisor de planejamento
maio,2024,640-91-3224,Nefen Ratcliff,Pedido de Demissão,2024-06-27,gerente de planejamento
junho,2024,482-41-6082,Virgilio Longridge,Pedido de Demissão,2024-06-01,supervisor de planejamento
junho,2024,704-74-9615,Corella Sparry,Pedido de Demissão,2024-07-23,coordenador de midia
maio,2024,676-81-2896,Rodolph Leeburn,Pedido de Demissão,2024-06-12,gerente de negocios
janeiro,2024,320-47-6841,Jereme Matcham,Pedido de Demissão,2024-01-17,executivo de contas
abril,2024,954-62-7985,Barbara Bestwall,Dispensa sem Justa Causa,2024-11-22,gerente de planejamento
agosto,2024,102-38-6305,Leighton Maddick,Pedido de Demissão,2024-08-10,gerente de negocios
fevereiro,2024,675-52-7197,Venita Basile,Dispensa sem Justa Causa,2024-09-08,executivo de contas
agosto,2024,757-53-8352,Cathe Sterzaker,Dispensa sem Justa Causa,2024-02-25,executivo de contas
março,2024,589-57-6214,Mendie Bulger,Pedido de Demissão,2024-09-27,coordenador de midia
julho,2024,386-19-5440,Milissent Goodfellow,Dispensa sem Justa Causa,2024-07-18,diretor de criacao
dezembro,2024,353-68-7522,Moe Pittem,Dispensa sem Justa Causa,2024-12-08,diretor de criacao
outubro,2024,813-21-5159,Rhianna Symons,Dispensa sem Justa Causa,2024-09-14,coordenador de midia
dezembro,2024,162-59-8115,Dolf Surgey,Pedido de Demissão,2024-06-05,diretor de criacao
março,2024,667-76-6076,Mehetabel Petracci,Dispensa sem Justa Causa,2024-06-12,supervisor de planejamento
dezembro,2024,250-50-2036,Westbrooke Brobyn,Pedido de Demissão,2024-03-22,supervisor de planejamento
abril,2024,756-80-6952,Patrice Fothergill,Pedido de Demissão,2024-03-15,diretor de criacao
março,2024,932-64-7667,Rea Boulder,Pedido de Demissão,2024-06-26,executivo de contas
dezembro,2024,290-12-3481,Demetris Gladwell,Pedido de Demissão,2024-04-04,executivo de contas
dezembro,2024,581-49-5666,Herold Cronk,Dispensa sem Justa Causa,2024-01-30,executivo de contas
maio,2024,602-23-5636,Linnea Sandifer,Dispensa sem Justa Causa,2024-11-02,executivo de contas
fevereiro,2024,641-18-6608,Monte Gianetti,Pedido de Demissão,2024-11-04,coordenador de midia
novembro,2024,132-53-5709,Robers Gawthorp,Pedido de Demissão,2024-03-20,gerente de negocios
fevereiro,2024,962-95-6420,Udall Gorelli,Dispensa sem Justa Causa,2024-03-07,gerente de planejamento
outubro,2024,681-81-5049,Nannette Crimpe,Pedido de Demissão,2024-04-29,gerente de planejamento
julho,2024,188-23-9545,Hildagarde Bowld,Pedido de Demissão,2024-05-07,coordenador de midia
janeiro,2024,907-30-2919,Avrom Honisch,Dispensa sem Justa Causa,2024-09-21,executivo de contas
dezembro,2024,224-76-1085,Corette Grimsditch,Dispensa sem Justa Causa,2024-05-28,coordenador de midia
fevereiro,2024,520-70-3842,Alessandro Fuge,Dispensa sem Justa Causa,2024-03-14,gerente de negocios
janeiro,2024,933-77-4533,Linc Rizzo,Dispensa sem Justa Causa,2024-01-19,executivo de contas
janeiro,2024,915-38-2641,Nyssa Verrick,Dispensa sem Justa Causa,2024-04-20,supervisor de planejamento
dezembro,2024,189-30-9063,Lolly Kemsley,Dispensa sem Justa Causa,2024-12-19,diretor de criacao
setembro,2024,917-78-8674,Lisa Godbehere,Pedido de Demissão,2024-09-28,diretor de criacao
novembro,2024,446-58-3660,Massimiliano O'Finan,Dispensa sem Justa Causa,2024-12-23,diretor de criacao
outubro,2024,801-59-2984,Fleur Hazeldene,Dispensa sem Justa Causa,2024-10-01,supervisor de planejamento
abril,2024,182-53-5784,Natka Goldsbury,Dispensa sem Justa Causa,2024-10-11,coordenador de midia
junho,2024,781-10-4103,Cy Orfeur,Pedido de Demissão,2024-06-05,executivo de contas
março,2024,306-89-7062,Adamo Wyeld,Pedido de Demissão,2024-04-03,gerente de planejamento
maio,2024,501-43-2571,Vincents Carlisi,Dispensa sem Justa Causa,2024-10-28,executivo de contas
abril,2024,198-19-5560,Dannye Born,Dispensa sem Justa Causa,2024-01-11,gerente de negocios
abril,2024,509-19-6942,Malena Fontel,Dispensa sem Justa Causa,2024-06-28,diretor de criacao
outubro,2024,953-62-5184,Johnnie Woods,Dispensa sem Justa Causa,2024-01-05,gerente de negocios
março,2024,671-59-8096,Robbin Marco,Dispensa sem Justa Causa,2024-07-28,coordenador de midia
junho,2024,755-67-1082,Kaylyn Lewknor,Dispensa sem Justa Causa,2024-07-20,gerente de negocios
fevereiro,2024,459-64-5694,Brianne Treslove,Pedido de Demissão,2024-04-14,coordenador de midia
março,2024,336-52-7667,Reeba Capstake,Pedido de Demissão,2024-12-13,coordenador de midia
novembro,2024,721-89-5991,Didi Puttrell,Pedido de Demissão,2024-09-13,gerente de planejamento
dezembro,2024,674-30-3529,Kelsi Purser,Dispensa sem Justa Causa,2024-03-22,supervisor de planejamento
dezembro,2024,939-36-6200,Valentijn Eayrs,Pedido de Demissão,2024-11-16,gerente de negocios
outubro,2024,227-73-1616,Edmon Bernardt,Pedido de Demissão,2024-08-14,executivo de contas
junho,2024,321-32-4566,Cary Musterd,Pedido de Demissão,2024-01-25,coordenador de midia
janeiro,2024,133-78-4993,Dukie Giorgielli,Dispensa sem Justa Causa,2024-08-18,gerente de planejamento
abril,2024,489-70-5893,Helena Rackley,Dispensa sem Justa Causa,2024-05-01,coordenador de midia
abril,2024,499-54-6735,Kit Dennett,Dispensa sem Justa Causa,2024-03-30,executivo de contas
fevereiro,2024,847-12-9478,Demetre Roddick,Dispensa sem Justa Causa,2024-09-03,executivo de contas
março,2024,572-28-4399,Emilia MacGruer,Pedido de Demissão,2024-03-18,executivo de contas
outubro,2024,423-54-2682,Celestine Slaymaker,Pedido de Demissão,2024-04-02,gerente de planejamento
junho,2024,939-33-4058,Chas Hawes,Pedido de Demissão,2024-02-17,supervisor de planejamento
outubro,2024,406-47-6963,Stephenie Surgeon,Pedido de Demissão,2024-06-02,gerente de planejamento
junho,2024,757-20-7670,Gus Vickar,Dispensa sem Justa Causa,2024-01-20,executivo de contas
maio,2024,913-95-4264,Vinson Lodeke,Pedido de Demissão,2024-11-22,gerente de planejamento
julho,2024,476-25-9932,Danella Byk,Dispensa sem Justa Causa,2024-09-08,executivo de contas
janeiro,2024,986-77-1862,Lyndell Whotton,Pedido de Demissão,2024-05-25,diretor de criacao
novembro,2024,864-14-9228,Gretel Dracksford,Dispensa sem Justa Causa,2024-10-24,supervisor de planejamento
abril,2024,562-22-5302,Sybil Gerriet,Pedido de Demissão,2024-07-18,coordenador de midia
maio,2024,198-91-1764,Halsey Stockell,Pedido de Demissão,2024-01-24,supervisor de planejamento
dezembro,2024,556-98-7303,Nichole Curthoys,Dispensa sem Justa Causa,2024-02-01,coordenador de midia
janeiro,2024,152-83-7765,Fara Sunderland,Pedido de Demissão,2024-11-30,gerente de planejamento
novembro,2024,446-17-2766,Sol Newns,Pedido de Demissão,2024-07-24,supervisor de planejamento
janeiro,2024,409-68-8050,Cheston Fomichkin,Dispensa sem Justa Causa,2024-04-30,supervisor de planejamento
junho,2024,720-66-8133,Gracia Skehens,Dispensa sem Justa Causa,2024-04-03,diretor de criacao
agosto,2024,384-60-3783,Moreen Castelain,Dispensa sem Justa Causa,2024-01-31,gerente de planejamento
junho,2024,257-95-7142,Jaclin Hordell,Pedido de Demissão,2024-09-25,diretor de criacao
abril,2024,717-68-9565,Ginny O'Fielly,Pedido de Demissão,2024-03-06,supervisor de planejamento
setembro,2024,867-36-1427,Mackenzie Calleja,Dispensa sem Justa Causa,2024-09-14,gerente de planejamento
outubro,2024,814-86-3439,Modestine Masdon,Dispensa sem Justa Causa,2024-06-09,gerente de planejamento
abril,2024,846-25-2922,Lita Elsley,Pedido de Demissão,2024-02-16,gerente de negocios
outubro,2024,153-77-3061,Prinz Burrows,Dispensa sem Justa Causa,2024-05-24,diretor de criacao
novembro,2024,160-35-7740,Fabio Manns,Pedido de Demissão,2024-01-12,supervisor de planejamento
janeiro,2024,732-17-1589,Armstrong Philipart,Dispensa sem Justa Causa,2024-08-16,executivo de contas
setembro,2024,617-95-4183,Slade Guiot,Pedido de Demissão,2024-09-04,gerente de negocios
novembro,2024,780-27-1231,Dulcinea Van der Hoeven,Pedido de Demissão,2024-12-05,coordenador de midia
agosto,2024,713-65-2350,Petra Saltwell,Dispensa sem Justa Causa,2024-02-18,executivo de contas
novembro,2024,458-60-1517,Marcella Blakeston,Dispensa sem Justa Causa,2024-05-15,diretor de criacao
novembro,2024,509-50-3938,Graeme Rubee,Pedido de Demissão,2024-10-29,gerente de planejamento
dezembro,2024,245-84-8315,Hyacinthe Mangan,Pedido de Demissão,2024-04-07,gerente de negocios
maio,2024,310-88-3510,Glynn Rathmell,Dispensa sem Justa Causa,2024-11-04,executivo de contas
outubro,2024,287-97-4978,Gerrie Gergely,Dispensa sem Justa Causa,2024-02-05,gerente de negocios
março,2024,186-52-5105,Gussie Insoll,Dispensa sem Justa Causa,2024-02-18,executivo de contas
setembro,2024,636-40-5007,Delores Proudlock,Dispensa sem Justa Causa,2024-05-06,gerente de planejamento
dezembro,2024,333-54-3390,Kaiser Mikalski,Dispensa sem Justa Causa,2024-06-06,diretor de criacao
julho,2024,220-57-9263,Darleen Bock,Dispensa sem Justa Causa,2024-05-20,diretor de criacao
novembro,2024,127-62-9516,Alfie Lanon,Pedido de Demissão,2024-07-07,diretor de criacao
junho,2024,575-42-6206,Nevsa Lockton,Dispensa sem Justa Causa,2024-05-22,diretor de criacao
dezembro,2024,344-68-8929,Ronnie Gitthouse,Pedido de Demissão,2024-02-16,gerente de planejamento
março,2024,385-22-2574,Gianni Norwich,Dispensa sem Justa Causa,2024-10-19,diretor de criacao
outubro,2024,966-42-2103,Vernor Hayter,Dispensa sem Justa Causa,2024-01-27,supervisor de planejamento
julho,2024,157-33-2465,Ramsay Jannasch,Pedido de Demissão,2024-09-12,coordenador de midia
janeiro,2024,809-99-4049,Shurwood Raynes,Pedido de Demissão,2024-07-30,diretor de criacao
junho,2024,708-61-2809,Carlina Aberkirder,Pedido de Demissão,2024-03-04,gerente de negocios
junho,2024,469-21-7220,Beck Buffin,Dispensa sem Justa Causa,2024-09-24,coordenador de midia
agosto,2024,713-10-1088,Augustine Galletly,Dispensa sem Justa Causa,2024-08-12,supervisor de planejamento
abril,2024,278-63-1266,Tedman Boyton,Dispensa sem Justa Causa,2024-01-28,supervisor de planejamento
fevereiro,2024,409-37-8687,Raye Boother,Dispensa sem Justa Causa,2024-08-15,gerente de planejamento
janeiro,2024,421-26-4584,Lezlie Adam,Dispensa sem Justa Causa,2024-06-22,coordenador de midia
abril,2024,155-45-2058,Corry Hexum,Dispensa sem Justa Causa,2024-10-11,gerente de planejamento
outubro,2024,496-16-9897,Joanne Kleinstub,Pedido de Demissão,2024-03-01,supervisor de planejamento
novembro,2024,926-69-2100,Fancie Sabathe,Pedido de Demissão,2024-10-29,gerente de planejamento
julho,2024,225-49-4640,Isaak Lye,Pedido de Demissão,2024-10-31,gerente de negocios
outubro,2024,724-68-5362,Richie McKeady,Pedido de Demissão,2024-11-25,executivo de contas
abril,2024,754-47-7780,Tome O'Curran,Dispensa sem Justa Causa,2024-02-09,diretor de criacao
setembro,2024,372-47-1668,Dominga Pavese,Dispensa sem Justa Causa,2024-09-24,gerente de planejamento
fevereiro,2024,408-45-9343,Lula Gooderridge,Pedido de Demissão,2024-01-28,diretor de criacao
agosto,2024,109-93-9478,Lancelot Utting,Pedido de Demissão,2024-05-03,executivo de contas
abril,2024,933-14-2631,Sanson Danet,Dispensa sem Justa Causa,2024-10-15,executivo de contas
fevereiro,2024,266-11-6985,Charil Bentick,Pedido de Demissão,2024-12-27,coordenador de midia
julho,2024,452-38-7202,Pammie Marrett,Pedido de Demissão,2024-06-13,coordenador de midia
setembro,2024,994-95-5688,Klemens Shirlaw,Pedido de Demissão,2024-02-08,executivo de contas
abril,2024,362-69-7254,Meade Adelman,Pedido de Demissão,2024-03-16,gerente de planejamento
setembro,2024,100-73-5946,Denis Doubrava,Dispensa sem Justa Causa,2024-08-25,gerente de negocios
julho,2024,529-18-4224,Wake Guihen,Dispensa sem Justa Causa,2024-07-19,diretor de criacao
agosto,2024,263-50-5078,Shay Barrs,Dispensa sem Justa Causa,2024-02-05,executivo de contas
outubro,2024,805-72-5499,Cammy Callery,Pedido de Demissão,2024-02-09,supervisor de planejamento
fevereiro,2024,632-11-1069,Ettie Burnie,Dispensa sem Justa Causa,2024-06-29,executivo de contas
janeiro,2024,233-97-6486,Marc Ansley,Dispensa sem Justa Causa,2024-04-07,gerente de planejamento
dezembro,2024,902-36-7357,Marcy Hellard,Pedido de Demissão,2024-11-08,coordenador de midia
julho,2024,875-90-9115,Nomi Manuel,Pedido de Demissão,2024-06-28,supervisor de planejamento
julho,2024,841-72-8906,Urson Aslam,Dispensa sem Justa Causa,2024-05-09,supervisor de planejamento
junho,2024,491-90-3432,Annnora Meake,Pedido de Demissão,2024-07-02,coordenador de midia
novembro,2024,279-30-6460,Fallon Osborn,Dispensa sem Justa Causa,2024-08-17,diretor de criacao
julho,2024,769-40-8432,Daniela Sugg,Pedido de Demissão,2024-01-17,supervisor de planejamento
julho,2024,126-16-1324,Aurilia Carvill,Dispensa sem Justa Causa,2024-03-21,supervisor de planejamento
outubro,2024,895-53-7264,Nariko Gooddy,Pedido de Demissão,2024-05-21,supervisor de planejamento
outubro,2024,682-57-2371,Papagena Stirley,Pedido de Demissão,2024-01-23,gerente de negocios
setembro,2024,276-99-4442,Sibylle Bohl,Pedido de Demissão,2024-12-30,gerente de planejamento
setembro,2024,272-41-9363,Broddy Tift,Dispensa sem Justa Causa,2024-04-07,gerente de planejamento
julho,2024,457-45-6263,Kaylyn Legion,Pedido de Demissão,2024-06-23,supervisor de planejamento
agosto,2024,519-84-6347,Thain Darwent,Dispensa sem Justa Causa,2024-10-15,supervisor de planejamento
dezembro,2024,568-46-1961,Dukey Saur,Dispensa sem Justa Causa,2024-03-22,supervisor de planejamento
maio,2024,907-31-1903,Marena Ingliss,Pedido de Demissão,2024-11-15,coordenador de midia
junho,2024,470-62-2009,Sax Gheerhaert,Pedido de Demissão,2024-10-22,supervisor de planejamento
novembro,2024,746-48-5533,Myrah Ciccarelli,Dispensa sem Justa Causa,2024-04-30,supervisor de planejamento
agosto,2024,347-12-2179,Marje Braham,Pedido de Demissão,2024-02-27,diretor de criacao
abril,2024,414-45-8822,Arlena Lyenyng,Dispensa sem Justa Causa,2024-12-03,gerente de planejamento
dezembro,2024,969-89-4310,Boothe Felstead,Pedido de Demissão,2024-09-05,executivo de contas
fevereiro,2024,858-38-6653,Evangelina Lupton,Dispensa sem Justa Causa,2024-12-09,coordenador de midia
agosto,2024,822-41-6553,Weber Fulleylove,Dispensa sem Justa Causa,2024-02-09,gerente de negocios
julho,2024,518-78-2109,Joly Windram,Dispensa sem Justa Causa,2024-10-22,supervisor de planejamento
julho,2024,213-49-2827,Sigmund Elverston,Pedido de Demissão,2024-08-15,gerente de negocios
junho,2024,771-25-2394,Hetty Dallison,Pedido de Demissão,2024-10-27,diretor de criacao
julho,2024,975-21-2773,Timofei Burkin,Dispensa sem Justa Causa,2024-10-09,supervisor de planejamento
dezembro,2024,990-91-9699,Appolonia Mumford,Dispensa sem Justa Causa,2024-08-23,gerente de negocios
julho,2024,901-74-9045,Katerine Meyer,Pedido de Demissão,2024-04-26,gerente de negocios
janeiro,2024,412-89-8551,Ilka Puleque,Dispensa sem Justa Causa,2024-08-24,diretor de criacao
setembro,2024,567-46-2318,Alonso Rea,Dispensa sem Justa Causa,2024-12-28,coordenador de midia
janeiro,2024,751-92-8715,Hermine Pickless,Dispensa sem Justa Causa,2024-04-04,coordenador de midia
julho,2024,825-30-9188,Rorke Brookton,Dispensa sem Justa Causa,2024-04-29,supervisor de planejamento
abril,2024,736-83-1872,Arlina Duprey,Pedido de Demissão,2024-06-21,supervisor de planejamento
junho,2024,268-49-7789,Elsie Jaggard,Pedido de Demissão,2024-10-24,supervisor de planejamento
novembro,2024,196-49-6049,Mair Riggs,Pedido de Demissão,2024-12-26,coordenador de midia
abril,2024,560-85-5176,Fax Climer,Dispensa sem Justa Causa,2024-06-15,coordenador de midia
outubro,2024,721-94-5958,Andy O'Deoran,Dispensa sem Justa Causa,2024-09-13,coordenador de midia
abril,2024,170-40-3897,Yetta Saunton,Dispensa sem Justa Causa,2024-04-10,supervisor de planejamento
outubro,2024,751-96-4769,Glenn Edson,Dispensa sem Justa Causa,2024-03-07,gerente de negocios
março,2024,606-66-4062,Milli Kampshell,Pedido de Demissão,2024-02-24,gerente de negocios
agosto,2024,765-98-7425,Penny Poore,Dispensa sem Justa Causa,2024-01-23,supervisor de planejamento
junho,2024,505-77-3808,Flin Deboy,Dispensa sem Justa Causa,2024-02-15,gerente de planejamento
dezembro,2024,952-67-6911,Claude Waddoups,Pedido de Demissão,2024-05-21,gerente de planejamento
janeiro,2024,793-59-2125,Faber Durant,Pedido de Demissão,2024-11-25,coordenador de midia
outubro,2024,970-16-8097,Yevette Mitchener,Dispensa sem Justa Causa,2024-04-01,diretor de criacao
novembro,2024,521-29-3352,Sibylla Panting,Pedido de Demissão,2024-09-14,gerente de planejamento
dezembro,2024,809-19-9466,Quinn Risdall,Pedido de Demissão,2024-07-04,gerente de negocios
abril,2024,982-69-2841,Ashia Lewknor,Dispensa sem Justa Causa,2024-08-11,gerente de negocios
agosto,2024,126-18-5393,Annemarie Dusting,Dispensa sem Justa Causa,2024-01-27,executivo de contas
julho,2024,687-16-6598,Hollyanne Titterell,Pedido de Demissão,2024-08-31,diretor de criacao
abril,2024,148-99-2686,Klara Keeney,Dispensa sem Justa Causa,2024-03-03,coordenador de midia
setembro,2024,807-68-7236,Seline Degoey,Pedido de Demissão,2024-04-06,coordenador de midia
julho,2024,895-49-3011,Twyla Denington,Pedido de Demissão,2024-08-16,coordenador de midia
setembro,2024,409-63-2808,Quent Besemer,Pedido de Demissão,2024-08-13,diretor de criacao
novembro,2024,629-19-3919,Frants Thieme,Pedido de Demissão,2024-08-16,supervisor de planejamento
maio,2024,285-73-5256,Allsun Callery,Pedido de Demissão,2024-09-07,diretor de criacao
setembro,2024,856-12-5253,Minetta McCarlich,Dispensa sem Justa Causa,2024-09-19,supervisor de planejamento
junho,2024,678-70-4124,Mendel Sadd,Dispensa sem Justa Causa,2024-03-29,supervisor de planejamento
junho,2024,749-56-6939,Lucina Vickarman,Pedido de Demissão,2024-09-15,coordenador de midia
agosto,2024,720-47-1800,Packston Safe,Pedido de Demissão,2024-02-06,gerente de negocios
novembro,2024,797-68-1936,Ardath Coneybeer,Pedido de Demissão,2024-12-03,gerente de planejamento
novembro,2024,965-79-7188,Jobye Arundel,Pedido de Demissão,2024-02-17,gerente de negocios
julho,2024,356-20-9178,Warren Collie,Dispensa sem Justa Causa,2024-09-27,executivo de contas
novembro,2024,846-51-8401,Henry Rolstone,Pedido de Demissão,2024-10-02,supervisor de planejamento
setembro,2024,636-41-4806,Anthea Fink,Dispensa sem Justa Causa,2024-02-23,supervisor de planejamento
maio,2024,624-46-2860,Dario Cherrison,Pedido de Demissão,2024-07-30,gerente de planejamento
julho,2024,702-16-3465,Karine Monroe,Dispensa sem Justa Causa,2024-08-04,gerente de negocios
outubro,2024,262-90-3151,Sutherlan Lavallie,Dispensa sem Justa Causa,2024-03-26,supervisor de planejamento
setembro,2024,556-79-6418,Ulises Camble,Pedido de Demissão,2024-11-20,executivo de contas
julho,2024,565-56-7938,Guss McCulley,Pedido de Demissão,2024-11-30,gerente de planejamento
dezembro,2024,605-98-2079,Corabel Bixley,Dispensa sem Justa Causa,2024-12-30,diretor de criacao
agosto,2024,762-12-2022,Karel Fratczak,Pedido de Demissão,2024-11-18,gerente de negocios
fevereiro,2024,570-48-7571,Renie Wessing,Pedido de Demissão,2024-11-09,diretor de criacao
abril,2024,717-12-2138,Lacy Baldrick,Dispensa sem Justa Causa,2024-09-30,supervisor de planejamento
setembro,2024,817-51-8892,Marchall McGeady,Pedido de Demissão,2024-08-27,gerente de planejamento
agosto,2024,632-74-2716,Elianora Rubke,Pedido de Demissão,2024-10-15,gerente de planejamento
dezembro,2024,500-11-3761,Jada Tointon,Dispensa sem Justa Causa,2024-07-13,supervisor de planejamento
março,2024,953-69-8685,Cathy Tarte,Pedido de Demissão,2024-01-31,executivo de contas
agosto,2024,855-62-3313,Andrus Arbuckel,Pedido de Demissão,2024-05-15,executivo de contas
julho,2024,568-63-1230,Gretchen Pideon,Pedido de Demissão,2024-12-14,supervisor de planejamento
janeiro,2024,531-96-8451,Mignon Hawkswood,Pedido de Demissão,2024-03-01,gerente de negocios
novembro,2024,709-63-4371,Etienne Prevost,Dispensa sem Justa Causa,2024-04-08,coordenador de midia
dezembro,2024,908-77-9934,Ian Milley,Dispensa sem Justa Causa,2024-06-04,executivo de contas
abril,2024,346-20-4594,Ambrose Sweed,Dispensa sem Justa Causa,2024-03-03,executivo de contas
novembro,2024,203-77-6520,Karoly Chinn,Pedido de Demissão,2024-11-15,supervisor de planejamento
junho,2024,524-71-7827,Arabella Ketts,Dispensa sem Justa Causa,2024-05-19,supervisor de planejamento
fevereiro,2024,581-10-5057,Lanie Cossey,Dispensa sem Justa Causa,2024-01-21,gerente de planejamento
julho,2024,453-61-4848,Carson Willeman,Dispensa sem Justa Causa,2024-11-19,supervisor de planejamento
maio,2024,634-30-3002,Urbain Endicott,Dispensa sem Justa Causa,2024-08-31,diretor de criacao
julho,2024,962-17-2934,Gizela Faragan,Dispensa sem Justa Causa,2024-06-02,executivo de contas
fevereiro,2024,377-66-4471,Gabbie Sprott,Pedido de Demissão,2024-07-19,executivo de contas
janeiro,2024,990-91-4739,Lock O'Dyvoie,Dispensa sem Justa Causa,2024-05-12,gerente de planejamento
agosto,2024,980-75-3573,Melvyn Osgordby,Dispensa sem Justa Causa,2024-03-01,supervisor de planejamento
novembro,2024,271-53-7836,Lorne Andryunin,Pedido de Demissão,2024-01-22,executivo de contas
dezembro,2024,873-82-2181,Hillel Fewster,Pedido de Demissão,2024-04-14,gerente de negocios
maio,2024,979-43-9564,Joline Astling,Pedido de Demissão,2024-12-09,supervisor de planejamento
maio,2024,100-32-3668,Thorpe Braybrookes,Dispensa sem Justa Causa,2024-07-17,supervisor de planejamento
janeiro,2024,196-84-3864,Tony Pooly,Pedido de Demissão,2024-01-04,gerente de negocios
abril,2024,872-58-4928,Lindsey Laker,Dispensa sem Justa Causa,2024-06-09,gerente de planejamento
dezembro,2024,439-20-3325,Evania Blincko,Dispensa sem Justa Causa,2024-11-04,gerente de negocios
agosto,2024,204-94-5418,Myrvyn Betjeman,Dispensa sem Justa Causa,2024-08-23,coordenador de midia
maio,2024,940-28-7687,Ninetta Downs,Pedido de Demissão,2024-04-15,executivo de contas
julho,2024,310-70-7195,Katherina Creegan,Pedido de Demissão,2024-03-17,executivo de contas
dezembro,2024,332-45-1048,Meggi Been,Pedido de Demissão,2024-03-18,diretor de criacao
agosto,2024,602-76-2562,Gery Brafferton,Pedido de Demissão,2024-04-28,gerente de negocios
maio,2024,452-22-3574,Bellanca Laydel,Dispensa sem Justa Causa,2024-04-14,executivo de contas
agosto,2024,704-45-1006,Breena Buglass,Dispensa sem Justa Causa,2024-07-30,coordenador de midia
agosto,2024,643-70-5358,Antoine Pinfold,Dispensa sem Justa Causa,2024-07-19,coordenador de midia
julho,2024,624-13-9609,Rosalia Shelly,Pedido de Demissão,2024-06-12,coordenador de midia
outubro,2024,443-92-1962,Shellysheldon McCue,Dispensa sem Justa Causa,2024-06-07,executivo de contas
junho,2024,230-36-7814,Randie Wingatt,Dispensa sem Justa Causa,2024-09-02,executivo de contas
novembro,2024,715-40-4923,Wandie Tremellier,Dispensa sem Justa Causa,2024-08-20,supervisor de planejamento
abril,2024,638-37-2103,Pauline Maskill,Pedido de Demissão,2024-02-08,supervisor de planejamento
dezembro,2024,225-74-9155,Abby Esslemont,Dispensa sem Justa Causa,2024-09-07,coordenador de midia
abril,2024,941-94-9224,Adorne Rodger,Dispensa sem Justa Causa,2024-05-01,gerente de planejamento
outubro,2024,321-85-8150,Angelika Obern,Dispensa sem Justa Causa,2024-12-04,supervisor de planejamento
dezembro,2024,806-31-9719,Dawna Dammarell,Pedido de Demissão,2024-01-10,executivo de contas
agosto,2024,205-45-9204,Colby Leif,Dispensa sem Justa Causa,2024-06-18,executivo de contas
julho,2024,120-27-4734,Joanna Elsop,Dispensa sem Justa Causa,2024-07-30,coordenador de midia
dezembro,2024,751-25-1280,Carrol Wolfit,Pedido de Demissão,2024-11-11,gerente de negocios
setembro,2024,704-10-7545,Eddy Harmour,Dispensa sem Justa Causa,2024-12-09,gerente de planejamento
março,2024,916-24-2649,Gale Vicarey,Dispensa sem Justa Causa,2024-02-24,executivo de contas
abril,2024,969-84-2025,Harlene Good,Dispensa sem Justa Causa,2024-03-07,executivo de contas
março,2024,784-24-6131,Rea Lapree,Pedido de Demissão,2024-09-20,coordenador de midia
maio,2024,608-42-2035,Robina Colvill,Pedido de Demissão,2024-09-27,diretor de criacao
janeiro,2024,377-51-8549,Nestor Weinberg,Pedido de Demissão,2024-01-21,executivo de contas
junho,2024,646-74-6989,Theresina Sackes,Dispensa sem Justa Causa,2024-09-12,coordenador de midia
novembro,2024,992-16-4422,Jojo Billsberry,Pedido de Demissão,2024-04-30,gerente de negocios
junho,2024,616-13-6066,Dell Langan,Pedido de Demissão,2024-11-13,gerente de negocios
abril,2024,476-88-2562,Oralla Rushe,Dispensa sem Justa Causa,2024-05-31,gerente de negocios
outubro,2024,767-11-9877,Tynan Belhomme,Dispensa sem Justa Causa,2024-08-16,gerente de negocios
abril,2024,951-29-1001,Vinson Iddens,Dispensa sem Justa Causa,2024-06-12,supervisor de planejamento
março,2024,906-87-7303,Clemmy Michelotti,Pedido de Demissão,2024-05-02,diretor de criacao
setembro,2024,767-29-2751,Richardo Kieran,Dispensa sem Justa Causa,2024-06-14,gerente de planejamento
julho,2024,128-53-1928,Jerrylee Jobbing,Pedido de Demissão,2024-12-04,diretor de criacao
janeiro,2024,847-58-9884,Man Huzzey,Dispensa sem Justa Causa,2024-08-26,supervisor de planejamento
dezembro,2024,853-82-2373,Kissie Mattiassi,Pedido de Demissão,2024-03-22,diretor de criacao
novembro,2024,828-73-3249,Babbie Lanmeid,Dispensa sem Justa Causa,2024-02-10,gerente de negocios
maio,2024,339-41-3392,Charla Shadrack,Dispensa sem Justa Causa,2024-03-22,coordenador de midia
março,2024,924-80-5235,Mario Cormode,Pedido de Demissão,2024-02-15,gerente de negocios
setembro,2024,927-55-5324,Raphael Bergin,Dispensa sem Justa Causa,2024-09-18,coordenador de midia
julho,2024,244-23-7007,Darice Vernazza,Pedido de Demissão,2024-06-25,coordenador de midia
setembro,2024,110-76-1085,Gabriella Kilbourn,Dispensa sem Justa Causa,2024-11-15,coordenador de midia
março,2024,883-44-1013,Adel Welton,Dispensa sem Justa Causa,2024-01-18,gerente de negocios
janeiro,2024,324-22-6879,Lida Danilowicz,Pedido de Demissão,2024-04-23,gerente de negocios
junho,2024,937-90-7108,Meryl Sketch,Pedido de Demissão,2024-11-06,executivo de contas
janeiro,2024,389-78-7696,Aylmer Stidworthy,Pedido de Demissão,2024-10-05,gerente de planejamento
janeiro,2024,551-47-3273,Erasmus Harlow,Pedido de Demissão,2024-03-13,coordenador de midia
maio,2024,753-95-4936,Avis Parlett,Dispensa sem Justa Causa,2024-10-01,diretor de criacao
agosto,2024,212-49-1373,Faustina Sweeney,Dispensa sem Justa Causa,2024-06-06,diretor de criacao
dezembro,2024,180-97-8625,Jacintha Stutard,Dispensa sem Justa Causa,2024-04-10,gerente de planejamento
março,2024,386-56-5473,Norry Symmons,Pedido de Demissão,2024-02-15,gerente de negocios
junho,2024,499-37-9891,Ailene Coady,Pedido de Demissão,2024-06-04,executivo de contas
dezembro,2024,815-79-6565,Gavrielle Cecely,Dispensa sem Justa Causa,2024-06-15,coordenador de midia
fevereiro,2024,239-13-9578,Angelina Durbann,Dispensa sem Justa Causa,2024-11-10,coordenador de midia
março,2024,955-19-9896,Shae Owens,Dispensa sem Justa Causa,2024-12-18,executivo de contas
fevereiro,2024,949-79-8279,Merrilee Pates,Pedido de Demissão,2024-10-20,supervisor de planejamento
dezembro,2024,307-88-8892,Halimeda Reeder,Dispensa sem Justa Causa,2024-09-02,gerente de negocios
outubro,2024,226-35-9035,Kincaid Grishakov,Pedido de Demissão,2024-07-17,diretor de criacao
maio,2024,584-81-4122,Hayes Kmietsch,Pedido de Demissão,2024-01-30,executivo de contas
junho,2024,598-54-4619,Julita Matteini,Dispensa sem Justa Causa,2024-05-25,supervisor de planejamento
março,2024,331-89-2620,Cori Longstaffe,Dispensa sem Justa Causa,2024-05-12,supervisor de planejamento
maio,2024,702-40-2518,Granny Krikorian,Pedido de Demissão,2024-07-07,gerente de negocios
setembro,2024,815-59-4505,Maggie Vaissiere,Pedido de Demissão,2024-01-10,diretor de criacao
março,2024,812-23-2064,Myrta Wrintmore,Pedido de Demissão,2024-02-04,diretor de criacao
março,2024,183-71-7999,Tibold Knevit,Pedido de Demissão,2024-06-11,diretor de criacao
setembro,2024,102-79-5903,Gayler Duigan,Dispensa sem Justa Causa,2024-03-29,coordenador de midia
dezembro,2024,599-36-7047,Karlan Blaylock,Dispensa sem Justa Causa,2024-07-25,gerente de negocios
setembro,2024,303-73-2516,Jed Kerrod,Pedido de Demissão,2024-01-01,diretor de criacao
janeiro,2024,148-97-5663,Benedick Ead,Dispensa sem Justa Causa,2024-07-18,executivo de contas
dezembro,2024,883-67-8783,Jobey Meuse,Pedido de Demissão,2024-03-17,coordenador de midia
maio,2024,134-98-5779,Nils Grotty,Dispensa sem Justa Causa,2024-01-02,supervisor de planejamento
maio,2024,403-77-2797,Lauryn Whelband,Pedido de Demissão,2024-03-18,coordenador de midia
abril,2024,751-77-5743,Maddi Birtchnell,Dispensa sem Justa Causa,2024-10-29,supervisor de planejamento
agosto,2024,801-17-4999,Lorraine Casham,Dispensa sem Justa Causa,2024-03-01,coordenador de midia
maio,2024,428-78-8591,Chancey Gounet,Pedido de Demissão,2024-09-20,gerente de negocios
outubro,2024,798-43-7897,Cornelle Broske,Pedido de Demissão,2024-04-29,coordenador de midia
agosto,2024,936-93-8005,Hayden Cordner,Pedido de Demissão,2024-08-18,supervisor de planejamento
março,2024,128-72-1290,Hestia Pierrepoint,Dispensa sem Justa Causa,2024-09-06,supervisor de planejamento
janeiro,2024,268-77-1478,Cornall Mathews,Pedido de Demissão,2024-04-23,supervisor de planejamento
agosto,2024,332-97-6217,Krystle Baude,Pedido de Demissão,2024-09-26,supervisor de planejamento
agosto,2024,218-68-9431,Kale Credland,Dispensa sem Justa Causa,2024-06-11,diretor de criacao
julho,2024,632-99-8554,Sela Elphee,Pedido de Demissão,2024-11-21,gerente de planejamento
maio,2024,450-26-4433,Chevalier Duffett,Dispensa sem Justa Causa,2024-03-31,supervisor de planejamento
março,2024,263-32-9975,Trever Philippsohn,Pedido de Demissão,2024-12-07,gerente de planejamento
dezembro,2024,972-65-5493,Emmalynne Marsie,Dispensa sem Justa Causa,2024-05-29,executivo de contas
março,2024,950-66-1122,Warner Dudliston,Pedido de Demissão,2024-05-13,coordenador de midia
junho,2024,241-37-1560,Vernon O'Hagerty,Dispensa sem Justa Causa,2024-01-12,supervisor de planejamento
maio,2024,814-84-9884,Pansy Eldridge,Pedido de Demissão,2024-07-21,executivo de contas
dezembro,2024,959-40-3862,Ali Botright,Dispensa sem Justa Causa,2024-08-12,gerente de planejamento
novembro,2024,626-68-9653,Jewelle McLenahan,Pedido de Demissão,2024-03-15,supervisor de planejamento
julho,2024,629-26-1730,Perla St. Quentin,Pedido de Demissão,2024-06-20,executivo de contas
outubro,2024,222-24-1707,Odelinda Castelletti,Dispensa sem Justa Causa,2024-08-20,gerente de planejamento
setembro,2024,771-58-3823,Brana McBean,Dispensa sem Justa Causa,2024-12-25,coordenador de midia
dezembro,2024,880-56-4864,Anatollo Wellstood,Dispensa sem Justa Causa,2024-12-24,executivo de contas
novembro,2024,549-83-8204,Harris Barnson,Dispensa sem Justa Causa,2024-08-20,gerente de negocios
março,2024,855-18-5389,Caryn Bowmer,Dispensa sem Justa Causa,2024-11-07,coordenador de midia
dezembro,2024,572-32-3056,Jorie Stealy,Dispensa sem Justa Causa,2024-06-03,coordenador de midia
julho,2024,158-56-3308,Bambie Goodbourn,Dispensa sem Justa Causa,2024-07-10,gerente de planejamento
setembro,2024,446-22-7187,Coral Kirman,Dispensa sem Justa Causa,2024-06-09,supervisor de planejamento
agosto,2024,705-28-2228,Mavis Nodes,Dispensa sem Justa Causa,2024-10-15,gerente de planejamento
março,2024,161-39-6657,Lorette Southern,Pedido de Demissão,2024-07-28,coordenador de midia
maio,2024,782-78-2413,Ami Drinkeld,Pedido de Demissão,2024-11-24,supervisor de planejamento
abril,2024,890-39-3157,Teador Lidbetter,Dispensa sem Justa Causa,2024-04-07,diretor de criacao
novembro,2024,153-78-5370,Annabela Dolling,Pedido de Demissão,2024-12-14,executivo de contas
março,2024,230-65-5930,Gaby Piel,Pedido de Demissão,2024-08-11,executivo de contas
junho,2024,794-22-2084,Tuckie Bent,Pedido de Demissão,2024-04-20,supervisor de planejamento
janeiro,2024,752-95-4708,Kendricks McGarel,Pedido de Demissão,2024-10-14,supervisor de planejamento
dezembro,2024,418-61-5514,Rosene Orrey,Pedido de Demissão,2024-05-31,supervisor de planejamento
agosto,2024,476-24-1913,Billie Epperson,Dispensa sem Justa Causa,2024-07-30,gerente de negocios
agosto,2024,261-47-4090,Everett Gofton,Dispensa sem Justa Causa,2024-10-06,gerente de planejamento
julho,2024,870-23-1966,Caprice Balharry,Dispensa sem Justa Causa,2024-01-10,supervisor de planejamento
fevereiro,2024,772-12-1710,Crissie Lovatt,Dispensa sem Justa Causa,2024-11-16,diretor de criacao
outubro,2024,261-88-9527,Elbert Hickenbottom,Pedido de Demissão,2024-03-03,gerente de negocios
junho,2024,662-75-7942,Jehanna Hearsum,Dispensa sem Justa Causa,2024-10-28,gerente de planejamento
abril,2024,368-20-2735,Shelagh Tulloch,Dispensa sem Justa Causa,2024-04-01,gerente de planejamento
agosto,2024,544-96-1491,Annamarie Craddock,Pedido de Demissão,2024-08-01,coordenador de midia
novembro,2024,769-22-6811,Elka Abbie,Dispensa sem Justa Causa,2024-01-09,supervisor de planejamento
outubro,2024,220-49-1248,Arlyn Kingzet,Pedido de Demissão,2024-02-09,coordenador de midia
abril,2024,969-13-8832,Griffith Maneylaws,Pedido de Demissão,2024-11-05,gerente de planejamento
julho,2024,598-70-4127,Marlie Gino,Pedido de Demissão,2024-05-20,coordenador de midia
junho,2024,605-54-4269,Grant Lingwood,Pedido de Demissão,2024-06-16,supervisor de planejamento
dezembro,2024,221-11-5938,Sheryl Brokenshaw,Pedido de Demissão,2024-09-17,gerente de negocios
abril,2024,389-22-8171,Margery Pauletto,Pedido de Demissão,2024-05-19,gerente de planejamento
abril,2024,996-84-6400,Murry O'Corrigane,Dispensa sem Justa Causa,2024-09-30,supervisor de planejamento
janeiro,2024,794-24-6367,George Wiffield,Pedido de Demissão,2024-05-27,gerente de planejamento
setembro,2024,972-52-3924,Lloyd Rosettini,Pedido de Demissão,2024-05-11,diretor de criacao
julho,2024,970-75-3388,Aila Nobriga,Pedido de Demissão,2024-07-25,coordenador de midia
janeiro,2024,693-63-8548,Petronilla Ladley,Pedido de Demissão,2024-07-30,diretor de criacao
dezembro,2024,765-57-2814,Kaycee Petti,Pedido de Demissão,2024-12-30,gerente de negocios
maio,2024,367-70-5837,Killie Grigoliis,Pedido de Demissão,2024-08-24,executivo de contas
novembro,2024,891-81-8259,Theresita Plaschke,Pedido de Demissão,2024-07-22,gerente de negocios
maio,2024,714-54-5683,Tanner Godwyn,Pedido de Demissão,2024-08-20,coordenador de midia
abril,2024,646-80-4281,Moira Cristou,Dispensa sem Justa Causa,2024-12-17,gerente de planejamento
maio,2024,865-30-7482,Lena Bastick,Dispensa sem Justa Causa,2024-06-05,gerente de negocios
março,2024,346-97-4027,Ardene Threadgall,Dispensa sem Justa Causa,2024-11-14,executivo de contas
fevereiro,2024,610-16-9986,Emanuele Milham,Dispensa sem Justa Causa,2024-04-05,diretor de criacao
dezembro,2024,504-16-2258,Van McConnell,Pedido de Demissão,2024-02-06,executivo de contas
outubro,2024,889-66-1076,Odelinda Troctor,Dispensa sem Justa Causa,2024-02-13,supervisor de planejamento
outubro,2024,575-75-9285,Imelda Ohlsen,Dispensa sem Justa Causa,2024-10-23,gerente de negocios
fevereiro,2024,873-68-7806,Joli Mac Giany,Pedido de Demissão,2024-09-07,gerente de planejamento
setembro,2024,469-94-8046,Leela Choldcroft,Pedido de Demissão,2024-09-25,coordenador de midia
abril,2024,105-12-8281,Deidre Pierucci,Dispensa sem Justa Causa,2024-09-07,executivo de contas
agosto,2024,403-99-3070,Timothea Prettyman,Dispensa sem Justa Causa,2024-08-31,executivo de contas
agosto,2024,739-68-8929,Karisa Sleany,Pedido de Demissão,2024-01-06,supervisor de planejamento
setembro,2024,648-41-9613,Tova Aggott,Pedido de Demissão,2024-08-14,executivo de contas
janeiro,2024,716-72-2562,Darya Kensy,Pedido de Demissão,2024-08-27,supervisor de planejamento
maio,2024,811-23-6967,Lorianne Collabine,Dispensa sem Justa Causa,2024-04-08,diretor de criacao
março,2024,419-41-8756,Damien Impy,Dispensa sem Justa Causa,2024-12-10,gerente de negocios
abril,2024,337-79-6567,Elwood Sutworth,Dispensa sem Justa Causa,2024-02-29,diretor de criacao
dezembro,2024,337-28-1953,Natalya Shalliker,Pedido de Demissão,2024-03-20,diretor de criacao
dezembro,2024,411-38-3965,Sofie Hannigan,Dispensa sem Justa Causa,2024-08-10,diretor de criacao
novembro,2024,521-27-1040,Isabelita Henriksson,Pedido de Demissão,2024-03-13,gerente de planejamento
março,2024,745-64-5261,Natala Eicke,Dispensa sem Justa Causa,2024-05-17,diretor de criacao
setembro,2024,859-51-7616,Elayne Downgate,Pedido de Demissão,2024-12-14,coordenador de midia
setembro,2024,534-68-7549,Marne Dittson,Pedido de Demissão,2024-04-05,executivo de contas
junho,2024,182-38-6297,Emmalyn Eayrs,Dispensa sem Justa Causa,2024-06-23,executivo de contas
abril,2024,814-10-9751,Irita Minto,Pedido de Demissão,2024-06-28,gerente de negocios
março,2024,754-57-8883,Bay Head,Pedido de Demissão,2024-12-19,executivo de contas
novembro,2024,635-91-9455,Jareb Fidock,Dispensa sem Justa Causa,2024-07-01,diretor de criacao
abril,2024,568-87-3870,Edd Gawne,Dispensa sem Justa Causa,2024-01-03,diretor de criacao
julho,2024,906-63-9389,Claretta Indge,Dispensa sem Justa Causa,2024-01-23,gerente de planejamento
novembro,2024,194-69-9473,Aliza Casey,Pedido de Demissão,2024-05-03,gerente de negocios
julho,2024,679-60-6502,Midge Manzell,Pedido de Demissão,2024-11-14,supervisor de planejamento
agosto,2024,679-24-5670,Mary Leitch,Dispensa sem Justa Causa,2024-12-08,diretor de criacao
setembro,2024,135-10-1767,Pattie Sandom,Pedido de Demissão,2024-04-27,diretor de criacao
maio,2024,782-41-8071,Erastus Greggersen,Dispensa sem Justa Causa,2024-08-24,gerente de negocios
janeiro,2024,682-67-1300,Griff Kirman,Dispensa sem Justa Causa,2024-11-21,coordenador de midia
agosto,2024,142-79-5585,Filmer Sobey,Dispensa sem Justa Causa,2024-12-09,diretor de criacao
outubro,2024,815-98-1634,Siobhan Lillford,Pedido de Demissão,2024-01-02,gerente de planejamento
agosto,2024,905-28-5802,Caleb Sheard,Dispensa sem Justa Causa,2024-06-21,diretor de criacao
dezembro,2024,641-26-9152,Kare Samwell,Dispensa sem Justa Causa,2024-07-18,supervisor de planejamento
novembro,2024,829-89-6477,Wilfred Esbrook,Pedido de Demissão,2024-07-05,executivo de contas
abril,2024,124-40-4891,Eb Rintoul,Dispensa sem Justa Causa,2024-10-14,supervisor de planejamento
outubro,2024,904-96-5846,Junia Sentinella,Pedido de Demissão,2024-03-20,gerente de planejamento
outubro,2024,103-54-2222,Gwyneth Baulk,Dispensa sem Justa Causa,2024-04-12,executivo de contas
outubro,2024,355-77-3661,Bealle Fosdick,Dispensa sem Justa Causa,2024-08-06,gerente de planejamento
março,2024,418-14-7094,Penelope Godley,Dispensa sem Justa Causa,2024-09-26,coordenador de midia
junho,2024,588-63-3913,Brook Fuentez,Pedido de Demissão,2024-02-03,executivo de contas
agosto,2024,905-36-4226,Nikos Stegers,Dispensa sem Justa Causa,2024-01-06,diretor de criacao
setembro,2024,329-13-4565,Merna Saltern,Pedido de Demissão,2024-06-21,supervisor de planejamento
setembro,2024,564-90-9808,Brannon Raffels,Pedido de Demissão,2024-03-07,executivo de contas
abril,2024,836-95-8570,Melania Lequeux,Pedido de Demissão,2024-05-17,coordenador de midia
fevereiro,2024,576-72-1735,Harriott Lydiard,Dispensa sem Justa Causa,2024-09-01,diretor de criacao
junho,2024,601-14-2669,Leeanne Stabler,Pedido de Demissão,2024-04-28,diretor de criacao
janeiro,2024,328-10-5505,Gerty Leel,Pedido de Demissão,2024-11-28,executivo de contas
agosto,2024,266-42-2060,Jany Steggles,Pedido de Demissão,2024-06-28,coordenador de midia
abril,2024,660-37-5987,Kevin Loble,Pedido de Demissão,2024-07-05,diretor de criacao
abril,2024,688-88-3412,Joyan Swiers,Pedido de Demissão,2024-03-29,executivo de contas
julho,2024,865-66-8894,Massimo Spawell,Pedido de Demissão,2024-06-20,gerente de negocios
abril,2024,461-71-4466,Bertram Borrel,Pedido de Demissão,2024-12-24,gerente de planejamento
agosto,2024,316-16-3980,Myrta Jacobsohn,Dispensa sem Justa Causa,2024-12-14,diretor de criacao
novembro,2024,339-94-3224,Janaya Orro,Dispensa sem Justa Causa,2024-08-26,diretor de criacao
junho,2024,188-63-2302,Kizzie Siney,Dispensa sem Justa Causa,2024-04-09,coordenador de midia
dezembro,2024,994-63-7765,Ferguson Owtram,Dispensa sem Justa Causa,2024-07-13,coordenador de midia
junho,2024,200-30-3596,Ericka Burwood,Pedido de Demissão,2024-07-07,coordenador de midia
maio,2024,717-86-4323,Wilmette Bracci,Pedido de Demissão,2024-07-23,gerente de negocios
julho,2024,253-84-9181,Nils McGlue,Dispensa sem Justa Causa,2024-06-03,coordenador de midia
novembro,2024,876-81-8518,Asher Quakley,Pedido de Demissão,2024-03-26,gerente de planejamento
setembro,2024,696-54-4157,Dorian Wroath,Pedido de Demissão,2024-10-06,gerente de negocios
abril,2024,728-79-8083,Netty Sylvaine,Pedido de Demissão,2024-02-17,supervisor de planejamento
julho,2024,348-88-7329,Lacee Dyet,Dispensa sem Justa Causa,2024-12-18,diretor de criacao
junho,2024,126-97-9796,Harmony De Coursey,Pedido de Demissão,2024-08-12,gerente de planejamento
novembro,2024,611-74-7658,Alastair Uman,Pedido de Demissão,2024-04-14,diretor de criacao
maio,2024,639-52-6694,Lilas Finley,Pedido de Demissão,2024-12-16,gerente de negocios
novembro,2024,425-27-8444,Pamella Clee,Dispensa sem Justa Causa,2024-06-15,diretor de criacao
agosto,2024,531-83-5154,Lil Pyser,Pedido de Demissão,2024-01-29,executivo de contas
fevereiro,2024,763-14-6210,Shela Irwin,Dispensa sem Justa Causa,2024-02-11,diretor de criacao
maio,2024,768-41-1796,Margaretha Killingsworth,Pedido de Demissão,2024-05-07,gerente de negocios
abril,2024,570-15-8078,Izak Gilson,Pedido de Demissão,2024-12-15,gerente de negocios
setembro,2024,488-68-5851,Truman Girkin,Pedido de Demissão,2024-09-14,gerente de planejamento
fevereiro,2024,386-81-8405,Chadwick Dickings,Pedido de Demissão,2024-05-08,executivo de contas
julho,2024,633-88-9026,Chrysler Galletly,Dispensa sem Justa Causa,2024-03-30,executivo de contas
agosto,2024,647-55-5450,Maurine Dalman,Pedido de Demissão,2024-05-26,supervisor de planejamento
junho,2024,691-87-8800,Mehetabel Cristol,Dispensa sem Justa Causa,2024-11-25,diretor de criacao
dezembro,2024,199-94-2997,Gusella Haitlie,Pedido de Demissão,2024-08-08,executivo de contas
outubro,2024,945-43-3433,Raphaela Goldsberry,Dispensa sem Justa Causa,2024-07-08,diretor de criacao
novembro,2024,143-21-1968,Conroy Ferran,Dispensa sem Justa Causa,2024-10-11,gerente de negocios
junho,2024,815-79-7532,Caterina Ballinger,Pedido de Demissão,2024-02-01,coordenador de midia
fevereiro,2024,325-96-6450,Nollie O'Murtagh,Pedido de Demissão,2024-02-08,coordenador de midia
julho,2024,685-71-8943,Sonnie Mottershaw,Dispensa sem Justa Causa,2024-05-10,supervisor de planejamento
setembro,2024,807-70-6219,Cornelia Backshall,Dispensa sem Justa Causa,2024-11-04,coordenador de midia
fevereiro,2024,700-75-8905,Lisha Raoul,Dispensa sem Justa Causa,2024-07-13,supervisor de planejamento
agosto,2024,511-69-6110,Robinett Oultram,Pedido de Demissão,2024-02-06,executivo de contas
junho,2024,754-42-6811,Marlon Cornill,Dispensa sem Justa Causa,2024-06-08,executivo de contas
agosto,2024,798-43-8227,Joachim Sandercroft,Dispensa sem Justa Causa,2024-10-01,gerente de negocios
fevereiro,2024,429-30-5272,Jourdan Stigell,Pedido de Demissão,2024-02-10,executivo de contas
julho,2024,736-77-4559,Trudi Bruckshaw,Pedido de Demissão,2024-03-07,gerente de negocios
junho,2024,336-44-5251,Natalina Azemar,Pedido de Demissão,2024-02-17,supervisor de planejamento
agosto,2024,571-32-8533,Giffer Zelland,Dispensa sem Justa Causa,2024-04-23,gerente de negocios
junho,2024,639-96-2754,Letta Lowen,Dispensa sem Justa Causa,2024-12-02,diretor de criacao
agosto,2024,544-19-3354,Herbert Axup,Dispensa sem Justa Causa,2024-03-12,executivo de contas
maio,2024,579-28-7667,Aubree Bisp,Dispensa sem Justa Causa,2024-12-21,gerente de planejamento
junho,2024,480-90-4735,Aggi Ellul,Pedido de Demissão,2024-10-29,executivo de contas
dezembro,2024,578-53-8592,Wilma Schohier,Dispensa sem Justa Causa,2024-04-17,gerente de planejamento
setembro,2024,660-54-7622,Fonsie Aldwinckle,Dispensa sem Justa Causa,2024-07-09,diretor de criacao
novembro,2024,739-77-2314,Annabela Hencke,Pedido de Demissão,2024-12-09,diretor de criacao
maio,2024,406-77-9713,Winne Sartain,Pedido de Demissão,2024-01-16,executivo de contas
outubro,2024,782-18-6589,Selma Muirhead,Dispensa sem Justa Causa,2024-08-21,diretor de criacao
abril,2024,322-95-4978,Olenolin Gregolotti,Pedido de Demissão,2024-04-04,coordenador de midia
abril,2024,984-24-9162,Thomasina Whittenbury,Pedido de Demissão,2024-03-04,diretor de criacao
junho,2024,985-39-4912,Ansell Brims,Dispensa sem Justa Causa,2024-08-28,gerente de planejamento
agosto,2024,874-50-1388,Obed Sedgeman,Pedido de Demissão,2024-01-15,gerente de planejamento
março,2024,159-83-1889,Saunders Skeleton,Dispensa sem Justa Causa,2024-06-13,gerente de negocios
outubro,2024,352-71-1882,Craig Lytlle,Dispensa sem Justa Causa,2024-02-17,gerente de planejamento
maio,2024,363-73-6193,Myrle Theriot,Pedido de Demissão,2024-08-02,executivo de contas
setembro,2024,537-31-7267,Persis Chumley,Pedido de Demissão,2024-04-07,diretor de criacao
abril,2024,860-70-7756,Abie Hagley,Dispensa sem Justa Causa,2024-06-16,supervisor de planejamento
agosto,2024,367-67-4420,Grantley Blint,Pedido de Demissão,2024-02-01,gerente de planejamento
agosto,2024,106-10-6605,Susanetta Toulson,Pedido de Demissão,2024-03-15,supervisor de planejamento
setembro,2024,857-73-9601,Amargo Tolliday,Dispensa sem Justa Causa,2024-11-25,gerente de planejamento
junho,2024,899-50-8638,Harald Peppard,Dispensa sem Justa Causa,2024-01-10,coordenador de midia
março,2024,324-86-8688,Gino Redon,Pedido de Demissão,2024-05-24,supervisor de planejamento
julho,2024,970-30-5729,Abran Russon,Pedido de Demissão,2024-05-19,supervisor de planejamento
junho,2024,833-70-6097,Rutledge Caughte,Pedido de Demissão,2024-10-02,coordenador de midia
novembro,2024,491-85-1463,Basilius Kittman,Pedido de Demissão,2024-04-21,coordenador de midia
setembro,2024,295-95-3715,Humfrey Woolis,Pedido de Demissão,2024-07-09,supervisor de planejamento
dezembro,2024,491-88-5768,Natividad Pollen,Dispensa sem Justa Causa,2024-05-13,executivo de contas
setembro,2024,998-66-9821,Evita Lytton,Dispensa sem Justa Causa,2024-08-07,supervisor de planejamento
novembro,2024,192-68-9664,Armand Thomann,Pedido de Demissão,2024-10-15,gerente de planejamento
março,2024,226-36-8072,Hastings Goakes,Pedido de Demissão,2024-02-26,executivo de contas
julho,2024,806-20-1698,Philipa Kield,Dispensa sem Justa Causa,2024-06-13,supervisor de planejamento
setembro,2024,997-35-7341,Denna Matchitt,Pedido de Demissão,2024-07-05,gerente de planejamento
abril,2024,743-10-7827,Jolie Blose,Dispensa sem Justa Causa,2024-10-09,gerente de planejamento
agosto,2024,976-66-9315,Tally Jakubczyk,Dispensa sem Justa Causa,2024-12-08,gerente de negocios
setembro,2024,286-36-4775,Pen Auchinleck,Dispensa sem Justa Causa,2024-10-14,gerente de planejamento
junho,2024,292-45-8655,Malorie Mendenhall,Pedido de Demissão,2024-10-15,gerente de negocios
março,2024,960-17-5895,Bernadina Bassam,Dispensa sem Justa Causa,2024-06-26,diretor de criacao
maio,2024,952-65-5383,Brenda Sarll,Dispensa sem Justa Causa,2024-08-30,supervisor de planejamento
novembro,2024,235-67-7507,Brandea Duesberry,Pedido de Demissão,2024-12-04,diretor de criacao
abril,2024,399-62-5157,Patric Brickner,Pedido de Demissão,2024-07-07,coordenador de midia
maio,2024,783-31-3189,Artair Matovic,Dispensa sem Justa Causa,2024-10-11,diretor de criacao
abril,2024,517-86-9341,Ashla Raulston,Pedido de Demissão,2024-02-20,gerente de planejamento
julho,2024,674-36-1388,Vanny Jeffry,Pedido de Demissão,2024-06-19,diretor de criacao
outubro,2024,280-95-5650,Montgomery McNeilley,Pedido de Demissão,2024-06-09,supervisor de planejamento
outubro,2024,657-24-8425,Delmore Earle,Pedido de Demissão,2024-10-03,supervisor de planejamento
julho,2024,624-42-1253,Vivyan Mankor,Pedido de Demissão,2024-06-13,coordenador de midia
maio,2024,560-73-4037,Datha Frude,Pedido de Demissão,2024-04-11,gerente de negocios
abril,2024,446-85-4031,Margy Plumbley,Pedido de Demissão,2024-07-04,gerente de planejamento
fevereiro,2024,683-54-2685,Kirby Jeayes,Dispensa sem Justa Causa,2024-09-09,diretor de criacao
setembro,2024,434-96-6740,Garek Schlag,Dispensa sem Justa Causa,2024-11-08,gerente de planejamento
junho,2024,269-56-4229,Clovis Quye,Dispensa sem Justa Causa,2024-01-19,gerente de planejamento
agosto,2024,972-59-7674,Ainslee Capelen,Pedido de Demissão,2024-09-24,coordenador de midia
janeiro,2024,419-69-3071,Joan Hughes,Dispensa sem Justa Causa,2024-09-23,supervisor de planejamento
outubro,2024,246-78-4428,Elnar Skillings,Dispensa sem Justa Causa,2024-02-25,coordenador de midia
junho,2024,378-23-2082,Sondra Westover,Dispensa sem Justa Causa,2024-10-20,coordenador de midia
fevereiro,2024,876-98-3641,Chrissie Foulser,Dispensa sem Justa Causa,2024-03-27,executivo de contas
junho,2024,947-28-4458,Ham Reddish,Dispensa sem Justa Causa,2024-12-30,gerente de planejamento
setembro,2024,635-47-2435,Demetra Cowing,Dispensa sem Justa Causa,2024-09-13,supervisor de planejamento
agosto,2024,127-92-9516,Brandise Rainsden,Dispensa sem Justa Causa,2024-09-23,executivo de contas
janeiro,2024,142-96-6804,Chiquia Skea,Dispensa sem Justa Causa,2024-08-26,supervisor de planejamento
outubro,2024,435-31-2169,Dennison Lindblad,Pedido de Demissão,2024-11-18,supervisor de planejamento
março,2024,131-26-5663,Ferris Le Surf,Dispensa sem Justa Causa,2024-10-29,supervisor de planejamento
abril,2024,552-86-8187,Libbi Parken,Pedido de Demissão,2024-10-15,executivo de contas
dezembro,2024,669-58-5764,Broddy Tiner,Pedido de Demissão,2024-08-13,supervisor de planejamento
junho,2024,187-88-8330,Chloe Surcombe,Pedido de Demissão,2024-11-03,supervisor de planejamento
janeiro,2024,983-36-7243,Wayne Lazell,Dispensa sem Justa Causa,2024-07-22,executivo de contas
julho,2024,614-13-2027,Webb Bonnavant,Dispensa sem Justa Causa,2024-08-12,executivo de contas
dezembro,2024,202-22-5919,Janina Haggett,Dispensa sem Justa Causa,2024-07-01,coordenador de midia
outubro,2024,241-15-8703,Genna Bremner,Dispensa sem Justa Causa,2024-08-21,gerente de negocios
abril,2024,411-65-7663,Cristian Overy,Pedido de Demissão,2024-02-26,gerente de planejamento
abril,2024,882-57-7933,Glynda Grut,Dispensa sem Justa Causa,2024-11-28,supervisor de planejamento
fevereiro,2024,652-12-4506,Maribeth Fenimore,Pedido de Demissão,2024-11-01,coordenador de midia
outubro,2024,989-21-5635,Rickard Desmond,Dispensa sem Justa Causa,2024-03-01,diretor de criacao
outubro,2024,691-60-8494,Burtie Francklin,Dispensa sem Justa Causa,2024-06-07,executivo de contas
julho,2024,814-86-7088,Aldwin Salthouse,Dispensa sem Justa Causa,2024-01-29,gerente de negocios
outubro,2024,969-87-2797,Vanny Mathouse,Pedido de Demissão,2024-09-14,executivo de contas
agosto,2024,492-34-8783,Cosimo Whilde,Dispensa sem Justa Causa,2024-04-26,coordenador de midia
julho,2024,128-81-6834,Danika Ping,Dispensa sem Justa Causa,2024-09-02,supervisor de planejamento
agosto,2024,692-63-8797,Nolana Filyashin,Dispensa sem Justa Causa,2024-08-06,supervisor de planejamento
agosto,2024,721-91-8220,Rockie Lehmann,Pedido de Demissão,2024-05-19,gerente de planejamento
dezembro,2024,275-30-8775,Pippa Siege,Dispensa sem Justa Causa,2024-07-24,executivo de contas
fevereiro,2024,101-76-4440,Bret Toulch,Dispensa sem Justa Causa,2024-01-03,executivo de contas
março,2024,918-67-9595,Celestyn Pleasaunce,Pedido de Demissão,2024-06-10,executivo de contas
agosto,2024,913-35-8032,Adey Sargeant,Dispensa sem Justa Causa,2024-05-13,supervisor de planejamento
setembro,2024,344-91-8470,Rees Dufaire,Dispensa sem Justa Causa,2024-11-21,executivo de contas
dezembro,2024,115-50-6543,Rik Josefsohn,Dispensa sem Justa Causa,2024-09-10,diretor de criacao
julho,2024,207-70-2807,Howey Lelande,Dispensa sem Justa Causa,2024-05-21,executivo de contas
junho,2024,438-93-9505,Sunny Fawdry,Pedido de Demissão,2024-05-31,supervisor de planejamento
dezembro,2024,752-51-5220,Isabella Lewnden,Pedido de Demissão,2024-05-04,executivo de contas
maio,2024,151-81-8844,Babb Hintzer,Pedido de Demissão,2024-09-02,gerente de negocios
dezembro,2024,962-79-1740,Rosa Sutherley,Dispensa sem Justa Causa,2024-11-23,coordenador de midia
agosto,2024,998-27-1154,Lanna Morton,Pedido de Demissão,2024-07-15,supervisor de planejamento
janeiro,2024,400-76-6354,Alphard Itzik,Dispensa sem Justa Causa,2024-08-02,gerente de negocios
janeiro,2024,786-82-3631,Marcelle Janoch,Dispensa sem Justa Causa,2024-01-09,gerente de negocios
maio,2024,212-87-1060,Jamill Shapcote,Dispensa sem Justa Causa,2024-04-27,gerente de planejamento
abril,2024,318-67-7782,Farlay Lestor,Pedido de Demissão,2024-10-19,gerente de negocios
agosto,2024,737-85-9270,Bobbye Pafford,Dispensa sem Justa Causa,2024-09-09,gerente de negocios
janeiro,2024,901-81-9938,Jerrylee Stodhart,Dispensa sem Justa Causa,2024-02-03,executivo de contas
setembro,2024,119-38-2317,Bibby Chuck,Pedido de Demissão,2024-10-01,supervisor de planejamento
outubro,2024,938-79-4593,Karalynn Bartali,Dispensa sem Justa Causa,2024-04-17,coordenador de midia
novembro,2024,892-15-9795,Zola Zuanelli,Dispensa sem Justa Causa,2024-08-21,gerente de planejamento
agosto,2024,556-42-9374,Raynard Magrannell,Dispensa sem Justa Causa,2024-11-16,coordenador de midia
fevereiro,2024,305-24-4734,Llewellyn Locksley,Dispensa sem Justa Causa,2024-07-01,executivo de contas
março,2024,221-29-4486,Joanie Mingaud,Dispensa sem Justa Causa,2024-04-27,gerente de planejamento
fevereiro,2024,951-60-3561,Merline Feben,Dispensa sem Justa Causa,2024-08-30,supervisor de planejamento
junho,2024,941-88-8404,Field Steptoe,Pedido de Demissão,2024-08-06,gerente de planejamento
fevereiro,2024,258-10-5341,Torey Attlee,Pedido de Demissão,2024-01-09,diretor de criacao
maio,2024,582-48-5822,Elane Aspell,Dispensa sem Justa Causa,2024-03-22,executivo de contas
setembro,2024,327-69-6544,Halette Denniston,Pedido de Demissão,2024-08-12,diretor de criacao
junho,2024,422-51-7601,Alfi Schmidt,Pedido de Demissão,2024-11-21,gerente de negocios
setembro,2024,787-86-2972,Northrop Manssuer,Pedido de Demissão,2024-02-15,gerente de planejamento
outubro,2024,841-96-4608,Jose Baggs,Dispensa sem Justa Causa,2024-10-13,gerente de planejamento
julho,2024,698-35-4004,Deirdre Albers,Dispensa sem Justa Causa,2024-06-12,gerente de negocios
fevereiro,2024,531-49-4188,Darb Penswick,Dispensa sem Justa Causa,2024-10-26,executivo de contas
setembro,2024,512-14-3571,Zelig Britee,Dispensa sem Justa Causa,2024-01-09,gerente de planejamento
novembro,2024,818-16-8482,Eran Filliskirk,Dispensa sem Justa Causa,2024-03-03,executivo de contas
novembro,2024,385-92-3885,Stanislas McLevie,Pedido de Demissão,2024-11-06,gerente de negocios
abril,2024,617-85-2903,Arlie Blakeslee,Pedido de Demissão,2024-11-13,gerente de planejamento
março,2024,267-71-5386,Hanni Duncan,Dispensa sem Justa Causa,2024-07-22,diretor de criacao
outubro,2024,460-72-9740,Peadar Pavett,Dispensa sem Justa Causa,2024-02-28,executivo de contas
novembro,2024,669-13-6515,Millisent Whyffen,Pedido de Demissão,2024-04-23,supervisor de planejamento
março,2024,237-68-7859,Lib Filipiak,Dispensa sem Justa Causa,2024-07-18,gerente de negocios
setembro,2024,704-64-9471,Mitchael Andino,Pedido de Demissão,2024-03-24,diretor de criacao
novembro,2024,861-75-3603,Simone Fownes,Dispensa sem Justa Causa,2024-10-13,gerente de negocios
maio,2024,178-24-2949,Madalena Kalkofer,Dispensa sem Justa Causa,2024-08-13,supervisor de planejamento
dezembro,2024,240-59-6456,Banky Spikings,Pedido de Demissão,2024-06-09,gerente de negocios
junho,2024,724-63-9379,Tamarra Toffts,Pedido de Demissão,2024-08-03,gerente de negocios
fevereiro,2024,575-42-4973,Margot Smeall,Dispensa sem Justa Causa,2024-05-20,coordenador de midia
abril,2024,432-23-3480,Gillan Colbeck,Pedido de Demissão,2024-04-29,coordenador de midia
fevereiro,2024,186-65-7321,Sheela Celier,Dispensa sem Justa Causa,2024-04-11,supervisor de planejamento
dezembro,2024,145-18-2445,Terza Guymer,Dispensa sem Justa Causa,2024-02-04,gerente de negocios
fevereiro,2024,382-91-1300,Jacquenette Josebury,Pedido de Demissão,2024-08-04,supervisor de planejamento
agosto,2024,479-98-1514,Trudey Teesdale,Dispensa sem Justa Causa,2024-07-26,gerente de planejamento
junho,2024,110-46-9624,Lynnet Fortie,Dispensa sem Justa Causa,2024-10-05,gerente de negocios
maio,2024,633-16-2108,Wain Scholler,Pedido de Demissão,2024-02-15,gerente de negocios
março,2024,246-73-5177,Gillie Fossey,Pedido de Demissão,2024-07-25,diretor de criacao
setembro,2024,433-42-4727,Lotte Waudby,Pedido de Demissão,2024-04-21,coordenador de midia
abril,2024,469-40-8772,Bev Barnham,Pedido de Demissão,2024-11-12,supervisor de planejamento
junho,2024,121-47-5262,Hewe Moth,Dispensa sem Justa Causa,2024-05-16,diretor de criacao
maio,2024,850-82-9694,Cullin Pearle,Pedido de Demissão,2024-03-16,executivo de contas
março,2024,467-18-3075,Del Mitchenson,Pedido de Demissão,2024-09-29,gerente de planejamento
agosto,2024,609-54-4796,Archy Jermy,Dispensa sem Justa Causa,2024-11-10,gerente de planejamento
janeiro,2024,816-46-4662,Nerita Chace,Pedido de Demissão,2024-05-26,diretor de criacao
setembro,2024,974-47-4967,Kienan Tremblot,Dispensa sem Justa Causa,2024-01-14,executivo de contas
abril,2024,641-44-1032,Vick Brunke,Pedido de Demissão,2024-05-20,coordenador de midia
março,2024,390-89-9798,Cecilio Henriques,Pedido de Demissão,2024-03-28,gerente de negocios
janeiro,2024,745-15-9775,Grantley Halbard,Dispensa sem Justa Causa,2024-08-28,executivo de contas
fevereiro,2024,473-15-6427,Alicea MacGuiness,Pedido de Demissão,2024-03-18,coordenador de midia
janeiro,2024,650-47-7925,Corbett Hankins,Pedido de Demissão,2024-11-17,gerente de planejamento
dezembro,2024,197-86-2471,Sully Iacovini,Dispensa sem Justa Causa,2024-12-05,gerente de negocios
abril,2024,734-57-4322,Windy Loveard,Pedido de Demissão,2024-06-13,supervisor de planejamento
janeiro,2024,795-35-1700,Noel Wilshire,Pedido de Demissão,2024-05-03,supervisor de planejamento
dezembro,2024,245-36-8291,Glennie Arendt,Dispensa sem Justa Causa,2024-03-26,coordenador de midia
fevereiro,2024,995-92-6410,Paulina Fearnall,Dispensa sem Justa Causa,2024-01-25,supervisor de planejamento
fevereiro,2024,260-35-9459,Myron Swenson,Dispensa sem Justa Causa,2024-09-19,diretor de criacao
agosto,2024,798-26-6247,Gilly Courtin,Dispensa sem Justa Causa,2024-02-27,gerente de planejamento
novembro,2024,447-32-9545,Powell Tripean,Dispensa sem Justa Causa,2024-11-17,gerente de planejamento
março,2024,851-59-5174,Lorrie Ary,Pedido de Demissão,2024-08-11,gerente de negocios
junho,2024,760-52-4827,Culley MacKall,Pedido de Demissão,2024-02-29,gerente de negocios
julho,2024,376-39-6580,Emma Schermick,Dispensa sem Justa Causa,2024-07-21,coordenador de midia
janeiro,2024,228-47-1388,Alyssa Hause,Pedido de Demissão,2024-07-03,diretor de criacao
junho,2024,788-71-8571,Milicent Riteley,Dispensa sem Justa Causa,2024-12-21,coordenador de midia
novembro,2024,686-74-3109,Holden Pleuman,Pedido de Demissão,2024-08-07,gerente de planejamento
abril,2024,656-62-2204,Shaw Rosenwald,Pedido de Demissão,2024-08-04,gerente de planejamento
janeiro,2024,220-90-4142,Florrie Westgate,Pedido de Demissão,2024-01-14,supervisor de planejamento
agosto,2024,324-45-8459,Sue Merrison,Dispensa sem Justa Causa,2024-03-29,gerente de negocios
agosto,2024,691-36-2470,Winston McCloud,Pedido de Demissão,2024-03-08,executivo de contas
agosto,2024,101-20-1018,Ashlen Bessey,Pedido de Demissão,2024-05-23,gerente de negocios
abril,2024,910-11-3081,Nelli Segar,Pedido de Demissão,2024-10-30,gerente de planejamento
janeiro,2024,439-41-2509,Chick Street,Dispensa sem Justa Causa,2024-01-24,executivo de contas
novembro,2024,792-76-7051,Kinnie Cabble,Dispensa sem Justa Causa,2024-06-24,executivo de contas
junho,2024,558-77-4585,Lyssa Audas,Pedido de Demissão,2024-01-10,diretor de criacao
dezembro,2024,372-14-4496,Ailbert Wilsdon,Pedido de Demissão,2024-09-11,coordenador de midia
agosto,2024,846-66-4742,Callean Skellern,Pedido de Demissão,2024-06-02,executivo de contas
abril,2024,280-88-4495,Shepperd Camell,Dispensa sem Justa Causa,2024-02-15,supervisor de planejamento
agosto,2024,223-91-6726,Zelig Whotton,Dispensa sem Justa Causa,2024-04-23,supervisor de planejamento
fevereiro,2024,431-39-8396,Kristen Houlridge,Dispensa sem Justa Causa,2024-10-23,gerente de negocios
setembro,2024,889-75-1883,Dolorita Assad,Pedido de Demissão,2024-02-21,diretor de criacao
fevereiro,2024,270-31-9770,Clement Stefi,Pedido de Demissão,2024-08-05,executivo de contas
julho,2024,186-64-7013,Hew Durie,Dispensa sem Justa Causa,2024-12-24,diretor de criacao
dezembro,2024,245-52-6822,Corliss Alliker,Pedido de Demissão,2024-07-09,gerente de negocios
setembro,2024,124-73-6387,Tanitansy Dungey,Dispensa sem Justa Causa,2024-09-21,gerente de planejamento
dezembro,2024,135-13-4852,Briny Kerrigan,Pedido de Demissão,2024-07-16,gerente de negocios
setembro,2024,235-99-9918,Barbie Clendening,Pedido de Demissão,2024-11-30,coordenador de midia
janeiro,2024,793-78-4505,Bobbette Chatwin,Dispensa sem Justa Causa,2024-08-08,coordenador de midia
abril,2024,457-82-8456,Marty Gronav,Dispensa sem Justa Causa,2024-11-30,gerente de planejamento
janeiro,2024,120-10-4958,Scotty Pentecust,Dispensa sem Justa Causa,2024-04-12,gerente de planejamento
abril,2024,398-37-1215,Missy Sancto,Pedido de Demissão,2024-03-04,diretor de criacao
agosto,2024,928-17-5912,Kelly Stoeckle,Dispensa sem Justa Causa,2024-06-17,gerente de planejamento
dezembro,2024,488-10-6025,Carter Cord,Dispensa sem Justa Causa,2024-08-02,gerente de negocios
novembro,2024,886-53-7985,Julio MacFadden,Dispensa sem Justa Causa,2024-08-21,gerente de negocios
outubro,2024,381-46-8294,Rhys Pierro,Pedido de Demissão,2024-04-02,executivo de contas
novembro,2024,449-90-6882,Davey Kilfedder,Pedido de Demissão,2024-08-01,gerente de planejamento
outubro,2024,705-23-5400,Gawen Cloutt,Dispensa sem Justa Causa,2024-11-10,diretor de criacao
setembro,2024,739-61-7224,Munroe Memmory,Pedido de Demissão,2024-11-28,executivo de contas
setembro,2024,754-62-3389,Yovonnda Klewer,Dispensa sem Justa Causa,2024-10-06,supervisor de planejamento
janeiro,2024,681-49-5180,Correy Reddell,Pedido de Demissão,2024-07-20,executivo de contas
dezembro,2024,568-11-4808,Estrella McGrotty,Dispensa sem Justa Causa,2024-12-26,supervisor de planejamento
dezembro,2024,288-84-8645,Pepita Bensen,Dispensa sem Justa Causa,2024-02-10,diretor de criacao
dezembro,2024,560-82-9547,Germaine Ehlerding,Dispensa sem Justa Causa,2024-09-06,gerente de negocios
outubro,2024,659-43-7736,Ginelle Glowacz,Pedido de Demissão,2024-12-11,coordenador de midia
março,2024,964-93-4884,Skipper Mellmoth,Dispensa sem Justa Causa,2024-10-10,coordenador de midia
junho,2024,751-46-8393,Vitia Napolitano,Dispensa sem Justa Causa,2024-06-08,executivo de contas
abril,2024,287-52-2481,Elicia Massenhove,Pedido de Demissão,2024-07-23,diretor de criacao
setembro,2024,538-85-8510,Nicolas Farleigh,Dispensa sem Justa Causa,2024-02-27,coordenador de midia
junho,2024,520-26-6507,Eilis Dorsey,Pedido de Demissão,2024-10-28,supervisor de planejamento
agosto,2024,467-35-8647,Nixie Slott,Dispensa sem Justa Causa,2024-12-09,executivo de contas
fevereiro,2024,543-35-1018,Clarette Pelman,Pedido de Demissão,2024-04-09,executivo de contas
janeiro,2024,418-27-9241,Cthrine Bygrove,Pedido de Demissão,2024-07-05,supervisor de planejamento
outubro,2024,286-30-6929,Hadley Helm,Dispensa sem Justa Causa,2024-09-21,gerente de planejamento
abril,2024,974-80-9312,Hobie Blaxeland,Pedido de Demissão,2024-10-31,coordenador de midia
novembro,2024,906-91-3247,Sonny Butrimovich,Pedido de Demissão,2024-08-09,gerente de planejamento
novembro,2024,212-64-3385,Randal Johnstone,Pedido de Demissão,2024-06-13,supervisor de planejamento
maio,2024,819-36-4653,Stanleigh Bendik,Pedido de Demissão,2024-08-25,supervisor de planejamento
dezembro,2024,152-49-4459,Neda Callway,Pedido de Demissão,2024-05-15,executivo de contas
julho,2024,885-88-7829,Glenda Guichard,Dispensa sem Justa Causa,2024-02-22,gerente de negocios
dezembro,2024,275-70-6691,Caressa Offiler,Dispensa sem Justa Causa,2024-05-04,diretor de criacao
março,2024,643-87-8106,Arie Hardacre,Dispensa sem Justa Causa,2024-06-10,gerente de negocios
dezembro,2024,480-95-7924,Regan Prendiville,Pedido de Demissão,2024-03-24,gerente de negocios
março,2024,511-11-1851,Dorothee Ambresin,Dispensa sem Justa Causa,2024-03-01,gerente de planejamento
fevereiro,2024,324-83-8085,Batsheva Hully,Pedido de Demissão,2024-07-07,diretor de criacao
novembro,2024,981-10-1332,Algernon Gerok,Dispensa sem Justa Causa,2024-11-03,gerente de negocios
janeiro,2024,866-71-3734,Duky Leschelle,Pedido de Demissão,2024-09-12,gerente de negocios
agosto,2024,800-28-6237,Delila Venard,Pedido de Demissão,2024-04-30,gerente de planejamento
abril,2024,153-70-8586,Alisha Kelsey,Dispensa sem Justa Causa,2024-06-27,gerente de negocios
abril,2024,595-13-1624,Hanni Ledeker,Pedido de Demissão,2024-11-11,executivo de contas
julho,2024,744-92-6185,Katlin Errigo,Dispensa sem Justa Causa,2024-10-04,supervisor de planejamento
julho,2024,698-41-6594,Adena Zanicchi,Pedido de Demissão,2024-08-09,diretor de criacao
junho,2024,299-14-1653,Had Wiper,Dispensa sem Justa Causa,2024-06-21,coordenador de midia
abril,2024,759-38-8271,Launce Akeherst,Pedido de Demissão,2024-07-16,diretor de criacao
maio,2024,469-84-9035,Reynolds Tomanek,Dispensa sem Justa Causa,2024-09-06,supervisor de planejamento
maio,2024,105-91-6646,Gratia Sixsmith,Dispensa sem Justa Causa,2024-01-17,supervisor de planejamento
agosto,2024,769-28-2478,Karin McNeigh,Pedido de Demissão,2024-06-07,gerente de negocios
novembro,2024,353-99-2820,Serene Markovich,Pedido de Demissão,2024-01-07,diretor de criacao
fevereiro,2024,961-35-3297,Godfry Budik,Pedido de Demissão,2024-09-28,supervisor de planejamento
novembro,2024,757-50-1590,Anselm Satterfitt,Pedido de Demissão,2024-07-14,executivo de contas
julho,2024,553-86-5330,Randal Dresse,Dispensa sem Justa Causa,2024-08-01,executivo de contas
junho,2024,312-54-8030,Nora Harrie,Pedido de Demissão,2024-09-15,gerente de negocios
março,2024,862-71-3497,Enos Dunican,Pedido de Demissão,2024-06-09,supervisor de planejamento
julho,2024,493-97-9683,Hanson Beecker,Pedido de Demissão,2024-07-02,supervisor de planejamento
novembro,2024,256-66-5698,Valentina Sallnow,Pedido de Demissão,2024-12-14,coordenador de midia
maio,2024,790-86-4904,Catrina Kimbling,Pedido de Demissão,2024-04-20,executivo de contas
março,2024,496-28-5357,Horatio Splaven,Pedido de Demissão,2024-10-29,gerente de planejamento
dezembro,2024,631-77-8180,Cornela Grierson,Dispensa sem Justa Causa,2024-08-26,gerente de planejamento
janeiro,2024,987-64-7763,Joell Nibley,Pedido de Demissão,2024-10-08,gerente de planejamento
setembro,2024,970-58-3002,David Lunny,Dispensa sem Justa Causa,2024-04-08,diretor de criacao
janeiro,2024,862-95-9982,Sylas Grog,Pedido de Demissão,2024-08-26,coordenador de midia
fevereiro,2024,442-17-8377,Susanna Ebourne,Dispensa sem Justa Causa,2024-10-09,diretor de criacao
fevereiro,2024,132-59-3465,Pet Trenfield,Dispensa sem Justa Causa,2024-05-01,gerente de planejamento
junho,2024,739-68-1934,Lissi Paulat,Dispensa sem Justa Causa,2024-03-23,coordenador de midia
maio,2024,834-55-4838,Cora Bolte,Pedido de Demissão,2024-10-30,diretor de criacao
fevereiro,2024,782-14-4418,Daffie Redhouse,Pedido de Demissão,2024-05-19,supervisor de planejamento
outubro,2024,482-70-4240,Janina Sandwith,Pedido de Demissão,2024-08-08,coordenador de midia
julho,2024,767-44-8729,Persis Irce,Pedido de Demissão,2024-05-15,supervisor de planejamento
maio,2024,449-78-3879,Clo Philippsohn,Dispensa sem Justa Causa,2024-08-26,executivo de contas
julho,2024,593-90-3794,Desi Pull,Dispensa sem Justa Causa,2024-02-16,diretor de criacao
outubro,2024,146-13-3398,Jasper Brazel,Dispensa sem Justa Causa,2024-04-25,coordenador de midia
março,2024,494-92-9135,Ivonne Fruish,Pedido de Demissão,2024-07-18,gerente de planejamento
março,2024,972-55-5732,Petr Ortzen,Dispensa sem Justa Causa,2024-11-09,diretor de criacao
novembro,2024,120-84-3228,Hayley Beranek,Pedido de Demissão,2024-10-18,gerente de negocios
agosto,2024,835-27-5243,Sarita Bauldrey,Dispensa sem Justa Causa,2024-06-27,gerente de negocios
janeiro,2024,112-67-5245,Theodosia Olivey,Pedido de Demissão,2024-01-31,executivo de contas
outubro,2024,973-45-1697,Wit Dietzler,Pedido de Demissão,2024-07-05,gerente de planejamento
fevereiro,2024,184-51-2035,Lemmie Saffer,Pedido de Demissão,2024-08-27,diretor de criacao
abril,2024,911-95-7683,Keene Stockle,Dispensa sem Justa Causa,2024-05-26,gerente de negocios
abril,2024,686-92-9055,Gavrielle Ropp,Pedido de Demissão,2024-02-24,executivo de contas
maio,2024,636-62-9529,Kaylyn Matlock,Pedido de Demissão,2024-01-31,coordenador de midia
julho,2024,697-35-4224,Skipp Tayt,Pedido de Demissão,2024-04-11,executivo de contas
maio,2024,951-20-5128,Garrek Mote,Pedido de Demissão,2024-09-06,gerente de negocios
setembro,2024,697-84-6722,Veradis Rushbrooke,Dispensa sem Justa Causa,2024-02-01,supervisor de planejamento
julho,2024,678-60-9647,Nicoli Grimwood,Pedido de Demissão,2024-07-06,gerente de planejamento
março,2024,882-85-5943,Hadleigh Fessier,Pedido de Demissão,2024-06-07,gerente de planejamento
março,2024,381-30-7950,Viviyan Ferens,Pedido de Demissão,2024-03-27,gerente de planejamento
julho,2024,948-81-3657,Westbrook Ager,Dispensa sem Justa Causa,2024-03-07,gerente de negocios
março,2024,351-99-1730,Brendis Savell,Dispensa sem Justa Causa,2024-03-19,diretor de criacao
janeiro,2024,342-97-7966,Grete Place,Dispensa sem Justa Causa,2024-03-10,executivo de contas
novembro,2024,179-60-6357,Eugenia Matheson,Dispensa sem Justa Causa,2024-03-06,supervisor de planejamento
maio,2024,923-10-2911,Carline Uttridge,Dispensa sem Justa Causa,2024-03-08,gerente de negocios
julho,2024,925-35-7255,Tandie Linck,Pedido de Demissão,2024-02-12,supervisor de planejamento
julho,2024,344-10-5723,Mercie Linck,Pedido de Demissão,2024-04-02,gerente de negocios
abril,2024,656-81-7608,Myer Garbutt,Pedido de Demissão,2024-05-08,gerente de negocios
março,2024,963-81-5703,Yoshiko Whellans,Dispensa sem Justa Causa,2024-04-01,coordenador de midia
dezembro,2024,470-60-6230,Estele Mingo,Pedido de Demissão,2024-08-10,gerente de planejamento
novembro,2024,782-14-3110,Byrle Hrus,Pedido de Demissão,2024-09-09,gerente de planejamento
maio,2024,851-44-6019,Benjie Gristock,Pedido de Demissão,2024-10-04,gerente de negocios
novembro,2024,222-76-3239,Kissee Spring,Pedido de Demissão,2024-10-24,gerente de negocios
agosto,2024,428-47-3494,Zahara Schlagtmans,Dispensa sem Justa Causa,2024-11-03,executivo de contas
abril,2024,811-13-6399,Trixie Woodall,Dispensa sem Justa Causa,2024-10-07,diretor de criacao
fevereiro,2024,441-70-6134,Korney Purselow,Dispensa sem Justa Causa,2024-03-05,coordenador de midia
fevereiro,2024,310-19-6521,Oswald Poznanski,Pedido de Demissão,2024-05-26,executivo de contas
agosto,2024,932-95-2205,Phylys Tombleson,Dispensa sem Justa Causa,2024-07-11,gerente de negocios
agosto,2024,450-37-9704,Cesare Quickenden,Dispensa sem Justa Causa,2024-06-01,coordenador de midia
abril,2024,454-54-9275,Tandy Ballard,Pedido de Demissão,2024-02-29,coordenador de midia
dezembro,2024,943-85-7118,Hobie Berringer,Pedido de Demissão,2024-09-02,gerente de planejamento
agosto,2024,706-26-5787,Gilles Marikhin,Dispensa sem Justa Causa,2024-12-06,gerente de negocios
dezembro,2024,686-63-9303,Umeko Glisenan,Dispensa sem Justa Causa,2024-10-15,diretor de criacao
